index_type,period,distance_km,pickup_km,index_value
INCTL,2003-10-01,50,,29.56
INCTL,2003-10-01,400,,55.871
INCTL,2003-10-01,800,,87.2262
INCTL,2003-10-01,2400,,205.147
INCTL,2003-10-01,6000,,464.843
INCTL,2003-11-01,50,,29.802
INCTL,2003-11-01,400,,56.414
INCTL,2003-11-01,800,,88.119
INCTL,2003-11-01,2400,,207.404
INCTL,2003-11-01,6000,,470.142
INCTL,2003-12-01,50,,29.887
INCTL,2003-12-01,400,,56.592
INCTL,2003-12-01,800,,88.41
INCTL,2003-12-01,2400,,208.112
INCTL,2003-12-01,6000,,471.761
INCTL,2004-01-01,50,,29.838
INCTL,2004-01-01,400,,56.361
INCTL,2004-01-01,800,,87.981
INCTL,2004-01-01,2400,,206.831
INCTL,2004-01-01,6000,,468.523
INCTL,2004-02-01,50,,30.445
INCTL,2004-02-01,400,,57.251
INCTL,2004-02-01,800,,89.193
INCTL,2004-02-01,2400,,208.948
INCTL,2004-02-01,6000,,472.306
INCTL,2004-03-01,50,,30.782
INCTL,2004-03-01,400,,57.879
INCTL,2004-03-01,800,,90.171
INCTL,2004-03-01,2400,,211.217
INCTL,2004-03-01,6000,,477.393
INCTL,2004-04-01,50,,30.859
INCTL,2004-04-01,400,,57.975
INCTL,2004-04-01,800,,90.305
INCTL,2004-04-01,2400,,211.41
INCTL,2004-04-01,6000,,477.658
INCTL,2004-05-01,50,,31.49
INCTL,2004-05-01,400,,58.994
INCTL,2004-05-01,800,,91.791
INCTL,2004-05-01,2400,,214.637
INCTL,2004-05-01,6000,,484.705
INCTL,2004-06-01,50,,31.993
INCTL,2004-06-01,400,,60.611
INCTL,2004-06-01,800,,94.698
INCTL,2004-06-01,2400,,222.551
INCTL,2004-06-01,6000,,503.765
INCTL,2004-07-01,50,,32.32
INCTL,2004-07-01,400,,60.946
INCTL,2004-07-01,800,,95.066
INCTL,2004-07-01,2400,,222.926
INCTL,2004-07-01,6000,,504.058
INCTL,2004-08-01,50,,32.699
INCTL,2004-08-01,400,,61.533
INCTL,2004-08-01,800,,95.911
INCTL,2004-08-01,2400,,224.688
INCTL,2004-08-01,6000,,507.798
INCTL,2004-09-01,50,,33.347
INCTL,2004-09-01,400,,62.442
INCTL,2004-09-01,800,,97.142
INCTL,2004-09-01,2400,,227.075
INCTL,2004-09-01,6000,,512.689
INCTL,2004-10-01,50,,33.663
INCTL,2004-10-01,400,,63.648
INCTL,2004-10-01,800,,99.37
INCTL,2004-10-01,2400,,233.322
INCTL,2004-10-01,6000,,527.921
INCTL,2004-11-01,50,,33.801
INCTL,2004-11-01,400,,63.9136
INCTL,2004-11-01,800,,99.791
INCTL,2004-11-01,2400,,234.309
INCTL,2004-11-01,6000,,530.141
INCTL,2004-12-01,50,,34.002
INCTL,2004-12-01,400,,64.705
INCTL,2004-12-01,800,,101.268
INCTL,2004-12-01,2400,,238.433
INCTL,2004-12-01,6000,,540.144
INCTL,2005-01-01,50,,34.142
INCTL,2005-01-01,400,,65.034
INCTL,2005-01-01,800,,101.82
INCTL,2005-01-01,2400,,239.834
INCTL,2005-01-01,6000,,543.423
INCTL,2005-02-01,50,,34.312
INCTL,2005-02-01,400,,65.457
INCTL,2005-02-01,800,,102.533
INCTL,2005-02-01,2400,,241.695
INCTL,2005-02-01,6000,,547.855
INCTL,2005-03-01,50,,34.64
INCTL,2005-03-01,400,,65.932
INCTL,2005-03-01,800,,103.182
INCTL,2005-03-01,2400,,243.008
INCTL,2005-03-01,6000,,550.637
INCTL,2005-04-01,50,,34.499
INCTL,2005-04-01,400,,65.773
INCTL,2005-04-01,800,,103.019
INCTL,2005-04-01,2400,,242.725
INCTL,2005-04-01,6000,,550.007
INCTL,2005-05-01,50,,35.01
INCTL,2005-05-01,400,,66.57
INCTL,2005-05-01,800,,104.15
INCTL,2005-05-01,2400,,245.16
INCTL,2005-05-01,6000,,555.352
INCTL,2005-06-01,50,,34.977
INCTL,2005-06-01,400,,66.655
INCTL,2005-06-01,800,,104.354
INCTL,2005-06-01,2400,,245.928
INCTL,2005-06-01,6000,,557.452
INCTL,2005-07-01,50,,35.401
INCTL,2005-07-01,400,,67.113
INCTL,2005-07-01,800,,104.844
INCTL,2005-07-01,2400,,246.612
INCTL,2005-07-01,6000,,558.63
INCTL,2005-08-01,50,,34.816
INCTL,2005-08-01,400,,65.789
INCTL,2005-08-01,800,,102.666
INCTL,2005-08-01,2400,,241.091
INCTL,2005-08-01,6000,,545.641
INCTL,2005-09-01,50,,35.135
INCTL,2005-09-01,400,,66.794
INCTL,2005-09-01,800,,104.452
INCTL,2005-09-01,2400,,246.476
INCTL,2005-09-01,6000,,559.563
INCTL,2005-10-01,50,,34.352
INCTL,2005-10-01,400,,65.891
INCTL,2005-10-01,800,,103.408
INCTL,2005-10-01,2400,,244.888
INCTL,2005-10-01,6000,,556.778
INCTL,2005-11-01,50,,34.768
INCTL,2005-11-01,400,,66.576
INCTL,2005-11-01,800,,104.412
INCTL,2005-11-01,2400,,247.1
INCTL,2005-11-01,6000,,561.656
INCTL,2005-12-01,50,,34.765
INCTL,2005-12-01,400,,66.555
INCTL,2005-12-01,800,,104.374
INCTL,2005-12-01,2400,,246.973
INCTL,2005-12-01,6000,,561.315
INCTL,2006-01-01,50,,34.707
INCTL,2006-01-01,400,,66.358
INCTL,2006-01-01,800,,104.017
INCTL,2006-01-01,2400,,245.987
INCTL,2006-01-01,6000,,558.923
INCTL,2006-02-01,50,,34.778
INCTL,2006-02-01,400,,66.457
INCTL,2006-02-01,800,,104.159
INCTL,2006-02-01,2400,,246.234
INCTL,2006-02-01,6000,,559.351
INCTL,2006-03-01,50,,34.649
INCTL,2006-03-01,400,,66.132
INCTL,2006-03-01,800,,103.608
INCTL,2006-03-01,2400,,244.79
INCTL,2006-03-01,6000,,555.908
INCTL,2006-04-01,50,,34.17
INCTL,2006-04-01,400,,65.17
INCTL,2006-04-01,800,,102.081
INCTL,2006-04-01,2400,,241.077
INCTL,2006-04-01,6000,,547.328
INCTL,2006-05-01,50,,34.326
INCTL,2006-05-01,400,,65.361
INCTL,2006-05-01,800,,102.31
INCTL,2006-05-01,2400,,241.467
INCTL,2006-05-01,6000,,548.093
INCTL,2006-06-01,50,,34.278
INCTL,2006-06-01,400,,64.991
INCTL,2006-06-01,800,,101.579
INCTL,2006-06-01,2400,,239.253
INCTL,2006-06-01,6000,,542.511
INCTL,2006-07-01,50,,34.375
INCTL,2006-07-01,400,,65.145
INCTL,2006-07-01,800,,101.814
INCTL,2006-07-01,2400,,239.719
INCTL,2006-07-01,6000,,543.429
INCTL,2006-08-01,50,,34.354
INCTL,2006-08-01,400,,65.017
INCTL,2006-08-01,800,,101.566
INCTL,2006-08-01,2400,,238.977
INCTL,2006-08-01,6000,,541.562
INCTL,2006-09-01,50,,34.628
INCTL,2006-09-01,400,,65.691
INCTL,2006-09-01,800,,102.706
INCTL,2006-09-01,2400,,241.929
INCTL,2006-09-01,6000,,548.56
INCTL,2006-10-01,50,,34.527
INCTL,2006-10-01,400,,65.447
INCTL,2006-10-01,800,,102.303
INCTL,2006-10-01,2400,,240.87
INCTL,2006-10-01,6000,,546.004
INCTL,2006-11-01,50,,34.631
INCTL,2006-11-01,400,,65.433
INCTL,2006-11-01,800,,102.172
INCTL,2006-11-01,2400,,240.168
INCTL,2006-11-01,6000,,543.94
INCTL,2006-12-01,50,,34.667
INCTL,2006-12-01,400,,65.413
INCTL,2006-12-01,800,,102.098
INCTL,2006-12-01,2400,,239.812
INCTL,2006-12-01,6000,,542.901
INCTL,2007-01-01,50,,34.691
INCTL,2007-01-01,400,,65.608
INCTL,2007-01-01,800,,102.49
INCTL,2007-01-01,2400,,240.983
INCTL,2007-01-01,6000,,545.814
INCTL,2007-02-01,50,,34.697
INCTL,2007-02-01,400,,65.515
INCTL,2007-02-01,800,,102.289
INCTL,2007-02-01,2400,,240.321
INCTL,2007-02-01,6000,,544.093
INCTL,2007-03-01,50,,34.949
INCTL,2007-03-01,400,,66.088
INCTL,2007-03-01,800,,103.233
INCTL,2007-03-01,2400,,242.73
INCTL,2007-03-01,6000,,549.786
INCTL,2007-04-01,50,,35.052
INCTL,2007-04-01,400,,66.398
INCTL,2007-04-01,800,,103.781
INCTL,2007-04-01,2400,,244.218
INCTL,2007-04-01,6000,,553.384
INCTL,2007-05-01,50,,35.3789
INCTL,2007-05-01,400,,66.9604
INCTL,2007-05-01,800,,104.6125
INCTL,2007-05-01,2400,,246.1266
INCTL,2007-05-01,6000,,557.7128
INCTL,2007-06-01,50,,35.825
INCTL,2007-06-01,400,,67.8512
INCTL,2007-06-01,800,,106.011
INCTL,2007-06-01,2400,,249.5594
INCTL,2007-06-01,6000,,565.7254
INCTL,2007-07-01,50,,35.9098
INCTL,2007-07-01,400,,67.7169
INCTL,2007-07-01,800,,105.6263
INCTL,2007-07-01,2400,,248.1731
INCTL,2007-07-01,6000,,562.0854
INCTL,2007-08-01,50,,36.1079
INCTL,2007-08-01,400,,68.1561
INCTL,2007-08-01,800,,106.341
INCTL,2007-08-01,2400,,249.9902
INCTL,2007-08-01,6000,,566.3827
INCTL,2007-09-01,50,,36.1613
INCTL,2007-09-01,400,,68.2419
INCTL,2007-09-01,800,,106.4639
INCTL,2007-09-01,2400,,250.2612
INCTL,2007-09-01,6000,,566.9873
INCTL,2007-10-01,50,,36.1754
INCTL,2007-10-01,400,,68.3034
INCTL,2007-10-01,800,,106.5794
INCTL,2007-10-01,2400,,250.5931
INCTL,2007-10-01,6000,,567.806
INCTL,2007-11-01,50,,36.1998
INCTL,2007-11-01,400,,68.4011
INCTL,2007-11-01,800,,106.7609
INCTL,2007-11-01,2400,,251.1098
INCTL,2007-11-01,6000,,569.0767
INCTL,2007-12-01,50,,36.2468
INCTL,2007-12-01,400,,68.5854
INCTL,2007-12-01,800,,107.1021
INCTL,2007-12-01,2400,,252.0787
INCTL,2007-12-01,6000,,571.458
INCTL,2008-01-01,50,,36.2739
INCTL,2008-01-01,400,,68.832
INCTL,2008-01-01,800,,107.5997
INCTL,2008-01-01,2400,,253.5798
INCTL,2008-01-01,6000,,575.2173
INCTL,2008-02-01,50,,36.3117
INCTL,2008-02-01,400,,68.9659
INCTL,2008-02-01,800,,107.8434
INCTL,2008-02-01,2400,,254.2626
INCTL,2008-02-01,6000,,576.888
INCTL,2008-03-01,50,,36.3203
INCTL,2008-03-01,400,,69.0221
INCTL,2008-03-01,800,,107.954
INCTL,2008-03-01,2400,,254.5912
INCTL,2008-03-01,6000,,577.7068
INCTL,2008-04-01,50,,36.3523
INCTL,2008-04-01,400,,69.0953
INCTL,2008-04-01,800,,108.0744
INCTL,2008-04-01,2400,,254.9
INCTL,2008-04-01,6000,,578.4396
INCTL,2008-05-01,50,,37.1909
INCTL,2008-05-01,400,,71.3447
INCTL,2008-05-01,800,,111.9564
INCTL,2008-05-01,2400,,265.1942
INCTL,2008-05-01,6000,,603.0727
INCTL,2008-06-01,50,,37.7173
INCTL,2008-06-01,400,,72.2864
INCTL,2008-06-01,800,,113.4075
INCTL,2008-06-01,2400,,268.479
INCTL,2008-06-01,6000,,610.3299
INCTL,2008-07-01,50,,38.3526
INCTL,2008-07-01,400,,73.3479
INCTL,2008-07-01,800,,114.9932
INCTL,2008-07-01,2400,,271.9455
INCTL,2008-07-01,6000,,617.8668
INCTL,2008-08-01,50,,38.5698
INCTL,2008-08-01,400,,73.6997
INCTL,2008-08-01,800,,115.52
INCTL,2008-08-01,2400,,273.0491
INCTL,2008-08-01,6000,,620.1756
INCTL,2008-09-01,50,,38.5779
INCTL,2008-09-01,400,,73.7454
INCTL,2008-09-01,800,,115.6087
INCTL,2008-09-01,2400,,273.3095
INCTL,2008-09-01,6000,,620.8225
INCTL,2008-10-01,50,,38.6918
INCTL,2008-10-01,400,,74.0054
INCTL,2008-10-01,800,,116.043
INCTL,2008-10-01,2400,,274.3985
INCTL,2008-10-01,6000,,623.3521
INCTL,2008-11-01,50,,38.8572
INCTL,2008-11-01,400,,74.2555
INCTL,2008-11-01,800,,116.4125
INCTL,2008-11-01,2400,,275.1127
INCTL,2008-11-01,6000,,624.7421
INCTL,2008-12-01,50,,38.8364
INCTL,2008-12-01,400,,74.2386
INCTL,2008-12-01,800,,116.3973
INCTL,2008-12-01,2400,,275.1211
INCTL,2008-12-01,6000,,624.816
INCTL,2009-01-01,50,,38.6736
INCTL,2009-01-01,400,,74.0043
INCTL,2009-01-01,800,,116.0664
INCTL,2009-01-01,2400,,274.4906
INCTL,2009-01-01,6000,,623.5772
INCTL,2009-02-01,50,,38.6593
INCTL,2009-02-01,400,,74.0226
INCTL,2009-02-01,800,,116.1164
INCTL,2009-02-01,2400,,274.6999
INCTL,2009-02-01,6000,,624.1692
INCTL,2009-03-01,50,,38.6109
INCTL,2009-03-01,400,,73.9811
INCTL,2009-03-01,800,,116.0776
INCTL,2009-03-01,2400,,274.7024
INCTL,2009-03-01,6000,,624.2872
INCTL,2009-04-01,50,,38.4519
INCTL,2009-04-01,400,,73.8172
INCTL,2009-04-01,800,,115.8837
INCTL,2009-04-01,2400,,274.5308
INCTL,2009-04-01,6000,,624.2727
INCTL,2009-05-01,50,,39.0497
INCTL,2009-05-01,400,,74.8119
INCTL,2009-05-01,800,,117.3335
INCTL,2009-05-01,2400,,277.7919
INCTL,2009-05-01,6000,,631.602
INCTL,2009-06-01,50,,38.9436
INCTL,2009-06-01,400,,74.2093
INCTL,2009-06-01,800,,116.1619
INCTL,2009-06-01,2400,,274.3536
INCTL,2009-06-01,6000,,623.071
INCTL,2009-07-01,50,,38.9836
INCTL,2009-07-01,400,,74.1015
INCTL,2009-07-01,800,,115.8746
INCTL,2009-07-01,2400,,273.41
INCTL,2009-07-01,6000,,620.6968
INCTL,2009-08-01,50,,38.8696
INCTL,2009-08-01,400,,74.0088
INCTL,2009-08-01,800,,115.7872
INCTL,2009-08-01,2400,,273.4545
INCTL,2009-08-01,6000,,621.1213
INCTL,2009-09-01,50,,38.8833
INCTL,2009-09-01,400,,73.9938
INCTL,2009-09-01,800,,115.7406
INCTL,2009-09-01,2400,,273.275
INCTL,2009-09-01,6000,,620.6376
INCTL,2009-10-01,50,,38.9347
INCTL,2009-10-01,400,,74.0474
INCTL,2009-10-01,800,,115.8013
INCTL,2009-10-01,2400,,273.3368
INCTL,2009-10-01,6000,,620.6816
INCTL,2009-11-01,50,,38.9458
INCTL,2009-11-01,400,,74.1399
INCTL,2009-11-01,800,,115.9856
INCTL,2009-11-01,2400,,273.8958
INCTL,2009-11-01,6000,,622.0891
INCTL,2009-12-01,50,,38.9664
INCTL,2009-12-01,400,,74.2037
INCTL,2009-12-01,800,,116.0981
INCTL,2009-12-01,2400,,274.2068
INCTL,2009-12-01,6000,,622.8498
INCTL,2010-01-01,50,,38.9784
INCTL,2010-01-01,400,,74.2841
INCTL,2010-01-01,800,,116.252
INCTL,2010-01-01,2400,,274.6822
INCTL,2010-01-01,6000,,624.0692
INCTL,2010-02-01,50,,39.1356
INCTL,2010-02-01,400,,74.8834
INCTL,2010-02-01,800,,117.3722
INCTL,2010-02-01,2400,,277.7953
INCTL,2010-02-01,6000,,631.5982
INCTL,2010-03-01,50,,39.4513
INCTL,2010-03-01,400,,75.5775
INCTL,2010-03-01,800,,118.5212
INCTL,2010-03-01,2400,,280.6324
INCTL,2010-03-01,6000,,638.135
INCTL,2010-04-01,50,,39.6053
INCTL,2010-04-01,400,,75.7954
INCTL,2010-04-01,800,,118.8207
INCTL,2010-04-01,2400,,281.2081
INCTL,2010-04-01,6000,,639.2943
INCTL,2010-05-01,50,,40.3197
INCTL,2010-05-01,400,,76.9753
INCTL,2010-05-01,800,,120.5432
INCTL,2010-05-01,2400,,285.0395
INCTL,2010-05-01,6000,,647.825
INCTL,2010-06-01,50,,40.6168
INCTL,2010-06-01,400,,77.4319
INCTL,2010-06-01,800,,121.2164
INCTL,2010-06-01,2400,,286.3784
INCTL,2010-06-01,6000,,650.5105
INCTL,2010-07-01,50,,40.8675
INCTL,2010-07-01,400,,77.7624
INCTL,2010-07-01,800,,121.6457
INCTL,2010-07-01,2400,,287.1593
INCTL,2010-07-01,6000,,652.0505
INCTL,2010-08-01,50,,40.8775
INCTL,2010-08-01,400,,77.7437
INCTL,2010-08-01,800,,121.6
INCTL,2010-08-01,2400,,286.9717
INCTL,2010-08-01,6000,,651.5179
INCTL,2010-09-01,50,,40.9913
INCTL,2010-09-01,400,,77.7787
INCTL,2010-09-01,800,,121.5741
INCTL,2010-09-01,2400,,286.5316
INCTL,2010-09-01,6000,,650.0176
INCTL,2010-10-01,50,,41.3454
INCTL,2010-10-01,400,,78.45
INCTL,2010-10-01,800,,122.6337
INCTL,2010-10-01,2400,,288.9941
INCTL,2010-10-01,6000,,655.5238
INCTL,2010-11-01,50,,41.5133
INCTL,2010-11-01,400,,78.6713
INCTL,2010-11-01,800,,122.9394
INCTL,2010-11-01,2400,,289.5005
INCTL,2010-11-01,6000,,656.3793
INCTL,2010-12-01,50,,41.7899
INCTL,2010-12-01,400,,79.0309
INCTL,2010-12-01,800,,123.4297
INCTL,2010-12-01,2400,,290.3052
INCTL,2010-12-01,6000,,657.7353
INCTL,2011-01-01,50,,41.8122
INCTL,2011-01-01,400,,79.1069
INCTL,2011-01-01,800,,123.5709
INCTL,2011-01-01,2400,,290.6848
INCTL,2011-01-01,6000,,658.6345
INCTL,2011-02-01,50,,42.07
INCTL,2011-02-01,400,,79.6029
INCTL,2011-02-01,800,,124.3567
INCTL,2011-02-01,2400,,292.5269
INCTL,2011-02-01,6000,,662.7757
INCTL,2011-03-01,50,,42.3171
INCTL,2011-03-01,400,,80.1179
INCTL,2011-03-01,800,,125.2009
INCTL,2011-03-01,2400,,294.5541
INCTL,2011-03-01,6000,,667.365
INCTL,2011-04-01,50,,42.4342
INCTL,2011-04-01,400,,80.3137
INCTL,2011-04-01,800,,125.4979
INCTL,2011-04-01,2400,,295.1902
INCTL,2011-04-01,6000,,668.7143
INCTL,2011-05-01,50,,43.2719
INCTL,2011-05-01,400,,81.6739
INCTL,2011-05-01,800,,127.4597
INCTL,2011-05-01,2400,,299.532
INCTL,2011-05-01,6000,,678.3913
INCTL,2011-06-01,50,,43.1899
INCTL,2011-06-01,400,,81.5934
INCTL,2011-06-01,800,,127.369
INCTL,2011-06-01,2400,,299.4702
INCTL,2011-06-01,6000,,678.4468
INCTL,2011-07-01,50,,43.1345
INCTL,2011-07-01,400,,81.4987
INCTL,2011-07-01,800,,127.2258
INCTL,2011-07-01,2400,,299.1539
INCTL,2011-07-01,6000,,677.7567
INCTL,2011-08-01,50,,43.163
INCTL,2011-08-01,400,,81.6011
INCTL,2011-08-01,800,,127.4103
INCTL,2011-08-01,2400,,299.6808
INCTL,2011-08-01,6000,,679.0647
INCTL,2011-09-01,50,,43.5647
INCTL,2011-09-01,400,,82.1295
INCTL,2011-09-01,800,,128.098
INCTL,2011-09-01,2400,,300.9212
INCTL,2011-09-01,6000,,681.4855
INCTL,2011-10-01,50,,43.6954
INCTL,2011-10-01,400,,82.3235
INCTL,2011-10-01,800,,128.3821
INCTL,2011-10-01,2400,,301.462
INCTL,2011-10-01,6000,,682.5259
INCTL,2011-11-01,50,,43.6644
INCTL,2011-11-01,400,,82.2085
INCTL,2011-11-01,800,,128.1802
INCTL,2011-11-01,2400,,300.8593
INCTL,2011-11-01,6000,,680.9811
INCTL,2011-12-01,50,,43.7146
INCTL,2011-12-01,400,,82.2995
INCTL,2011-12-01,800,,128.3244
INCTL,2011-12-01,2400,,301.178
INCTL,2011-12-01,6000,,681.6639
INCTL,2012-01-01,50,,43.7247
INCTL,2012-01-01,400,,82.4266
INCTL,2012-01-01,800,,128.5747
INCTL,2012-01-01,2400,,301.9827
INCTL,2012-01-01,6000,,683.7625
INCTL,2012-02-01,50,,43.731
INCTL,2012-02-01,400,,82.4186
INCTL,2012-02-01,800,,128.5506
INCTL,2012-02-01,2400,,301.8929
INCTL,2012-02-01,6000,,683.524
INCTL,2012-03-01,50,,44.089
INCTL,2012-03-01,400,,84.7174
INCTL,2012-03-01,800,,133.0668
INCTL,2012-03-01,2400,,315.2823
INCTL,2012-03-01,6000,,716.8807
INCTL,2012-04-01,50,,44.1247
INCTL,2012-04-01,400,,84.4857
INCTL,2012-04-01,800,,132.5399
INCTL,2012-04-01,2400,,313.5134
INCTL,2012-04-01,6000,,712.2711
INCTL,2012-05-01,50,,45.196
INCTL,2012-05-01,400,,86.3457
INCTL,2012-05-01,800,,135.3255
INCTL,2012-05-01,2400,,319.8606
INCTL,2012-05-01,6000,,726.5266
INCTL,2012-06-01,50,,45.3205
INCTL,2012-06-01,400,,86.5352
INCTL,2012-06-01,800,,135.607
INCTL,2012-06-01,2400,,320.4066
INCTL,2012-06-01,6000,,727.59
INCTL,2012-07-01,50,,45.6736
INCTL,2012-07-01,400,,87.2951
INCTL,2012-07-01,800,,136.8494
INCTL,2012-07-01,2400,,323.4766
INCTL,2012-07-01,6000,,734.6955
INCTL,2012-08-01,50,,45.9563
INCTL,2012-08-01,400,,87.6805
INCTL,2012-08-01,800,,137.3944
INCTL,2012-08-01,2400,,324.4132
INCTL,2012-08-01,6000,,736.3281
INCTL,2012-09-01,50,,46.2348
INCTL,2012-09-01,400,,88.0526
INCTL,2012-09-01,800,,137.9094
INCTL,2012-09-01,2400,,325.2903
INCTL,2012-09-01,6000,,737.8628
INCTL,2012-10-01,50,,46.3986
INCTL,2012-10-01,400,,88.4137
INCTL,2012-10-01,800,,138.519
INCTL,2012-10-01,2400,,326.7602
INCTL,2012-10-01,6000,,741.1677
INCTL,2012-11-01,50,,46.4665
INCTL,2012-11-01,400,,88.6735
INCTL,2012-11-01,800,,138.9982
INCTL,2012-11-01,2400,,328.1168
INCTL,2012-11-01,6000,,744.4986
INCTL,2012-12-01,50,,46.4928
INCTL,2012-12-01,400,,88.7209
INCTL,2012-12-01,800,,139.073
INCTL,2012-12-01,2400,,328.2818
INCTL,2012-12-01,6000,,744.8521
INCTL,2013-01-01,50,,46.6629
INCTL,2013-01-01,400,,89.2428
INCTL,2013-01-01,800,,140.0123
INCTL,2013-01-01,2400,,330.8009
INCTL,2013-01-01,6000,,750.8577
INCTL,2013-02-01,50,,46.887
INCTL,2013-02-01,400,,90.0819
INCTL,2013-02-01,800,,141.5699
INCTL,2013-02-01,2400,,335.1409
INCTL,2013-02-01,6000,,761.3904
INCTL,2013-03-01,50,,46.9776
INCTL,2013-03-01,400,,90.719
INCTL,2013-03-01,800,,142.8334
INCTL,2013-03-01,2400,,338.8991
INCTL,2013-03-01,6000,,770.7532
INCTL,2013-04-01,50,,47.0136
INCTL,2013-04-01,400,,90.899
INCTL,2013-04-01,800,,143.1807
INCTL,2013-04-01,2400,,339.9007
INCTL,2013-04-01,6000,,773.2156
INCTL,2013-05-01,50,,48.0053
INCTL,2013-05-01,400,,92.5543
INCTL,2013-05-01,800,,145.5944
INCTL,2013-05-01,2400,,345.3478
INCTL,2013-05-01,6000,,785.488
INCTL,2013-06-01,50,,48.0117
INCTL,2013-06-01,400,,92.5956
INCTL,2013-06-01,800,,145.6756
INCTL,2013-06-01,2400,,345.5878
INCTL,2013-06-01,6000,,786.0843
INCTL,2013-07-01,50,,48.4199
INCTL,2013-07-01,400,,93.0368
INCTL,2013-07-01,800,,146.1726
INCTL,2013-07-01,2400,,346.2025
INCTL,2013-07-01,6000,,786.8847
INCTL,2013-08-01,50,,48.5103
INCTL,2013-08-01,400,,93.1966
INCTL,2013-08-01,800,,146.4161
INCTL,2013-08-01,2400,,346.7556
INCTL,2013-08-01,6000,,788.1156
INCTL,2013-09-01,50,,48.7249
INCTL,2013-09-01,400,,93.5104
INCTL,2013-09-01,800,,146.8559
INCTL,2013-09-01,2400,,347.6264
INCTL,2013-09-01,6000,,789.9015
INCTL,2013-10-01,50,,49.0339
INCTL,2013-10-01,400,,93.9013
INCTL,2013-10-01,800,,147.3812
INCTL,2013-10-01,2400,,348.4504
INCTL,2013-10-01,6000,,791.2178
INCTL,2013-11-01,50,,49.1635
INCTL,2013-11-01,400,,94.0644
INCTL,2013-11-01,800,,147.5985
INCTL,2013-11-01,2400,,348.7925
INCTL,2013-11-01,6000,,791.7727
INCTL,2013-12-01,50,,49.3271
INCTL,2013-12-01,400,,95.1336
INCTL,2013-12-01,800,,149.7052
INCTL,2013-12-01,2400,,355.0339
INCTL,2013-12-01,6000,,807.3054
INCTL,2014-01-01,50,,49.9804
INCTL,2014-01-01,400,,96.592
INCTL,2014-01-01,800,,152.1011
INCTL,2014-01-01,2400,,361.0787
INCTL,2014-01-01,6000,,821.4843
INCTL,2014-02-01,50,,49.7371
INCTL,2014-02-01,400,,96.0752
INCTL,2014-02-01,800,,151.2968
INCTL,2014-02-01,2400,,358.9781
INCTL,2014-02-01,6000,,816.3572
INCTL,2014-03-01,50,,49.9467
INCTL,2014-03-01,400,,96.1951
INCTL,2014-03-01,800,,151.3367
INCTL,2014-03-01,2400,,358.566
INCTL,2014-03-01,6000,,814.8291
INCTL,2014-04-01,50,,50.2812
INCTL,2014-04-01,400,,96.6248
INCTL,2014-04-01,800,,151.9189
INCTL,2014-04-01,2400,,359.5036
INCTL,2014-04-01,6000,,816.3753
INCTL,2014-05-01,50,,51.2066
INCTL,2014-05-01,400,,98.1012
INCTL,2014-05-01,800,,154.0314
INCTL,2014-05-01,2400,,364.1234
INCTL,2014-05-01,6000,,826.6089
INCTL,2014-06-01,50,,51.0529
INCTL,2014-06-01,400,,97.9731
INCTL,2014-06-01,800,,153.9042
INCTL,2014-06-01,2400,,364.1653
INCTL,2014-06-01,6000,,827.1548
INCTL,2014-07-01,50,,50.8606
INCTL,2014-07-01,400,,97.7435
INCTL,2014-07-01,800,,153.6041
INCTL,2014-07-01,2400,,363.7456
INCTL,2014-07-01,6000,,826.5886
INCTL,2014-08-01,50,,50.9528
INCTL,2014-08-01,400,,97.7627
INCTL,2014-08-01,800,,153.5168
INCTL,2014-08-01,2400,,363.3668
INCTL,2014-08-01,6000,,825.6544
INCTL,2014-09-01,50,,50.9055
INCTL,2014-09-01,400,,97.6566
INCTL,2014-09-01,800,,153.3445
INCTL,2014-09-01,2400,,362.9243
INCTL,2014-09-01,6000,,824.6001
INCTL,2014-10-01,50,,51.2093
INCTL,2014-10-01,400,,98.3782
INCTL,2014-10-01,800,,154.5394
INCTL,2014-10-01,2400,,366.0362
INCTL,2014-10-01,6000,,832.0431
INCTL,2014-11-01,50,,51.6065
INCTL,2014-11-01,400,,99.638
INCTL,2014-11-01,800,,156.8015
INCTL,2014-11-01,2400,,372.2115
INCTL,2014-11-01,6000,,846.9511
INCTL,2014-12-01,50,,51.956
INCTL,2014-12-01,400,,100.1965
INCTL,2014-12-01,800,,157.6317
INCTL,2014-12-01,2400,,373.9377
INCTL,2014-12-01,6000,,850.5502
INCTL,2015-01-01,50,,52.0653
INCTL,2015-01-01,400,,100.4076
INCTL,2015-01-01,800,,157.9659
INCTL,2015-01-01,2400,,374.7242
INCTL,2015-01-01,6000,,852.3242
INCTL,2015-02-01,50,,52.4848
INCTL,2015-02-01,400,,102.2624
INCTL,2015-02-01,800,,161.4664
INCTL,2015-02-01,2400,,384.7766
INCTL,2015-02-01,6000,,877.0949
INCTL,2015-03-01,50,,52.6926
INCTL,2015-03-01,400,,102.6068
INCTL,2015-03-01,800,,161.9765
INCTL,2015-03-01,2400,,385.8936
INCTL,2015-03-01,6000,,879.5362
INCTL,2015-06-01,50,,54.27
INCTL,2015-06-01,400,,104.9685
INCTL,2015-06-01,800,,165.2938
INCTL,2015-06-01,2400,,392.687
INCTL,2015-06-01,6000,,893.8905
INCTL,2015-07-01,50,,54.7511
INCTL,2015-07-01,400,,105.5103
INCTL,2015-07-01,800,,165.9152
INCTL,2015-07-01,2400,,393.567
INCTL,2015-07-01,6000,,895.3075
INCTL,2015-08-01,50,,54.9252
INCTL,2015-08-01,400,,105.7743
INCTL,2015-08-01,800,,166.2966
INCTL,2015-08-01,2400,,394.3327
INCTL,2015-08-01,6000,,896.8739
INCTL,2015-09-01,50,,55.0167
INCTL,2015-09-01,400,,105.9279
INCTL,2015-09-01,800,,166.5319
INCTL,2015-09-01,2400,,394.8328
INCTL,2015-09-01,6000,,897.9234
INCTL,2015-10-01,50,,55.4573
INCTL,2015-10-01,400,,107.0975
INCTL,2015-10-01,800,,168.5834
INCTL,2015-10-01,2400,,400.1269
INCTL,2015-10-01,6000,,910.2996
INCTL,2015-11-01,50,,56.0251
INCTL,2015-11-01,400,,108.1272
INCTL,2015-11-01,800,,170.1998
INCTL,2015-11-01,2400,,403.7473
INCTL,2015-11-01,6000,,918.1719
INCTL,2015-12-01,50,,56.6467
INCTL,2015-12-01,400,,109.1999
INCTL,2015-12-01,800,,171.8365
INCTL,2015-12-01,2400,,407.3578
INCTL,2015-12-01,6000,,926.0121
INCTL,2016-01-01,50,,56.6733
INCTL,2016-01-01,400,,109.2815
INCTL,2016-01-01,800,,171.9894
INCTL,2016-01-01,2400,,407.7466
INCTL,2016-01-01,6000,,926.8944
INCTL,2016-02-01,50,,57.0031
INCTL,2016-02-01,400,,109.5846
INCTL,2016-02-01,800,,172.3042
INCTL,2016-02-01,2400,,407.8622
INCTL,2016-02-01,6000,,926.3776
INCTL,2016-03-01,50,,57.2094
INCTL,2016-03-01,400,,109.9022
INCTL,2016-03-01,800,,172.7708
INCTL,2016-03-01,2400,,408.7965
INCTL,2016-03-01,6000,,928.2677
INCTL,2016-04-01,50,,68.7083
INCTL,2016-04-01,400,,126.9787
INCTL,2016-04-01,800,,196.2217
INCTL,2016-04-01,2400,,457.745
INCTL,2016-04-01,6000,,1034.5859
INCTL,2016-05-01,50,,68.6101
INCTL,2016-05-01,400,,126.7557
INCTL,2016-05-01,800,,195.866
INCTL,2016-05-01,2400,,456.8013
INCTL,2016-05-01,6000,,1032.2763
INCTL,2016-06-01,50,,69.8959
INCTL,2016-06-01,400,,128.7916
INCTL,2016-06-01,800,,198.7668
INCTL,2016-06-01,2400,,463.1167
INCTL,2016-06-01,6000,,1046.2409
INCTL,2016-07-01,50,,70.7811
INCTL,2016-07-01,400,,130.1646
INCTL,2016-07-01,800,,200.737
INCTL,2016-07-01,2400,,467.2439
INCTL,2016-07-01,6000,,1055.0476
INCTL,2016-08-01,50,,71.8876
INCTL,2016-08-01,400,,131.411
INCTL,2016-08-01,800,,202.2002
INCTL,2016-08-01,2400,,469.2428
INCTL,2016-08-01,6000,,1058.003
INCTL,2016-09-01,50,,71.607
INCTL,2016-09-01,400,,130.9614
INCTL,2016-09-01,800,,201.5351
INCTL,2016-09-01,2400,,467.8463
INCTL,2016-09-01,6000,,1055.0587
INCTL,2016-10-01,50,,71.635
INCTL,2016-10-01,400,,130.927
INCTL,2016-10-01,800,,201.4431
INCTL,2016-10-01,2400,,467.4439
INCTL,2016-10-01,6000,,1053.898
INCTL,2016-11-01,50,,71.6471
INCTL,2016-11-01,400,,130.9147
INCTL,2016-11-01,800,,201.402
INCTL,2016-11-01,2400,,467.2927
INCTL,2016-11-01,6000,,1053.5028
INCTL,2016-12-01,50,,71.8008
INCTL,2016-12-01,400,,131.0642
INCTL,2016-12-01,800,,201.5479
INCTL,2016-12-01,2400,,467.4175
INCTL,2016-12-01,6000,,1053.5751
INCTL,2017-01-01,50,,72.0763
INCTL,2017-01-01,400,,131.902
INCTL,2017-01-01,800,,203.028
INCTL,2017-01-01,2400,,471.4685
INCTL,2017-01-01,6000,,1063.4119
INCTL,2017-02-01,50,,72.8891
INCTL,2017-02-01,400,,133.6331
INCTL,2017-02-01,800,,205.8388
INCTL,2017-02-01,2400,,478.4213
INCTL,2017-02-01,6000,,1079.5519
INCTL,2017-03-01,50,,72.883
INCTL,2017-03-01,400,,133.3863
INCTL,2017-03-01,800,,205.3264
INCTL,2017-03-01,2400,,476.7915
INCTL,2017-03-01,6000,,1075.3662
INCTL,2017-04-01,50,,72.8003
INCTL,2017-04-01,400,,132.9568
INCTL,2017-04-01,800,,204.4973
INCTL,2017-04-01,2400,,474.3835
INCTL,2017-04-01,6000,,1069.4206
INCTL,2017-05-01,50,,72.5086
INCTL,2017-05-01,400,,132.3926
INCTL,2017-05-01,800,,203.5998
INCTL,2017-05-01,2400,,472.2797
INCTL,2017-05-01,6000,,1064.6977
INCTL,2017-06-01,50,,72.9441
INCTL,2017-06-01,400,,133.2031
INCTL,2017-06-01,800,,204.7846
INCTL,2017-06-01,2400,,475.2783
INCTL,2017-06-01,6000,,1072.015
INCTL,2017-07-01,50,,72.7915
INCTL,2017-07-01,400,,132.7614
INCTL,2017-07-01,800,,203.9827
INCTL,2017-07-01,2400,,473.2097
INCTL,2017-07-01,6000,,1067.2268
INCTL,2017-08-01,50,,72.4436
INCTL,2017-08-01,400,,132.7809
INCTL,2017-08-01,800,,204.381
INCTL,2017-08-01,2400,,475.3627
INCTL,2017-08-01,6000,,1073.5076
INCTL,2017-09-01,50,,72.5361
INCTL,2017-09-01,400,,133.6854
INCTL,2017-09-01,800,,206.1958
INCTL,2017-09-01,2400,,480.9221
INCTL,2017-09-01,6000,,1087.5699
INCTL,2017-10-01,50,,72.7058
INCTL,2017-10-01,400,,134.4318
INCTL,2017-10-01,800,,207.6082
INCTL,2017-10-01,2400,,484.9587
INCTL,2017-10-01,6000,,1097.4809
INCTL,2017-11-01,50,,73.0399
INCTL,2017-11-01,400,,135.1153
INCTL,2017-11-01,800,,208.7164
INCTL,2017-11-01,2400,,487.6169
INCTL,2017-11-01,6000,,1103.5149
INCTL,2017-12-01,50,,73.2458
INCTL,2017-12-01,400,,135.7935
INCTL,2017-12-01,800,,209.9336
INCTL,2017-12-01,2400,,490.9947
INCTL,2017-12-01,6000,,1111.7575
INCTL,2018-01-01,50,,73.5193
INCTL,2018-01-01,400,,136.3047
INCTL,2018-01-01,800,,210.7447
INCTL,2018-01-01,2400,,492.8403
INCTL,2018-01-01,6000,,1115.8069
INCTL,2018-02-01,50,,73.8325
INCTL,2018-02-01,400,,136.8811
INCTL,2018-02-01,800,,211.6506
INCTL,2018-02-01,2400,,494.897
INCTL,2018-02-01,6000,,1120.3276
INCTL,2018-03-01,50,,73.9285
INCTL,2018-03-01,400,,136.9692
INCTL,2018-03-01,800,,211.7455
INCTL,2018-03-01,2400,,494.9271
INCTL,2018-03-01,6000,,1120.1432
INCTL,2018-04-01,50,,73.9656
INCTL,2018-04-01,400,,136.9859
INCTL,2018-04-01,800,,211.7429
INCTL,2018-04-01,2400,,494.8234
INCTL,2018-04-01,6000,,1119.7935
INCTL,2018-05-01,50,,74.2481
INCTL,2018-05-01,400,,137.6753
INCTL,2018-05-01,800,,212.9185
INCTL,2018-05-01,2400,,497.8205
INCTL,2018-05-01,6000,,1126.797
INCTL,2018-06-01,50,,74.8657
INCTL,2018-06-01,400,,140.3241
INCTL,2018-06-01,800,,217.9235
INCTL,2018-06-01,2400,,512.0473
INCTL,2018-06-01,6000,,1161.62
INCTL,2018-07-01,50,,75.6693
INCTL,2018-07-01,400,,139.1696
INCTL,2018-07-01,800,,214.5968
INCTL,2018-07-01,2400,,499.6486
INCTL,2018-07-01,6000,,1128.5219
INCTL,2018-08-01,50,,76.3365
INCTL,2018-08-01,400,,140.0705
INCTL,2018-08-01,800,,215.8128
INCTL,2018-08-01,2400,,501.8459
INCTL,2018-08-01,6000,,1132.7185
INCTL,2018-09-01,50,,76.5367
INCTL,2018-09-01,400,,140.2812
INCTL,2018-09-01,800,,216.0504
INCTL,2018-09-01,2400,,502.1034
INCTL,2018-09-01,6000,,1132.9546
INCTL,2018-10-01,50,,77.2174
INCTL,2018-10-01,400,,142.9179
INCTL,2018-10-01,800,,220.9516
INCTL,2018-10-01,2400,,515.8937
INCTL,2018-10-01,6000,,1166.6191
INCTL,2018-11-01,50,,77.9416
INCTL,2018-11-01,400,,144.2309
INCTL,2018-11-01,800,,223.0124
INCTL,2018-11-01,2400,,520.5084
INCTL,2018-11-01,6000,,1176.6521
INCTL,2018-12-01,50,,78.0767
INCTL,2018-12-01,400,,144.0492
INCTL,2018-12-01,800,,222.4739
INCTL,2018-12-01,2400,,518.5121
INCTL,2018-12-01,6000,,1171.353
INCTL,2019-01-01,50,,77.7955
INCTL,2019-01-01,400,,142.7539
INCTL,2019-01-01,800,,219.9681
INCTL,2019-01-01,2400,,511.4651
INCTL,2019-01-01,6000,,1154.3136
INCTL,2019-02-01,50,,77.9217
INCTL,2019-02-01,400,,143.016
INCTL,2019-02-01,800,,220.3611
INCTL,2019-02-01,2400,,512.5239
INCTL,2019-02-01,6000,,1156.9771
INCTL,2019-03-01,50,,78.3278
INCTL,2019-03-01,400,,143.7988
INCTL,2019-03-01,800,,221.5797
INCTL,2019-03-01,2400,,515.4548
INCTL,2019-03-01,6000,,1163.7376
INCTL,2019-04-01,50,,78.8891
INCTL,2019-04-01,400,,145.0227
INCTL,2019-04-01,800,,223.6136
INCTL,2019-04-01,2400,,520.4207
INCTL,2019-04-01,6000,,1175.069
INCTL,2019-05-01,50,,79.167
INCTL,2019-05-01,400,,145.5739
INCTL,2019-05-01,800,,224.5179
INCTL,2019-05-01,2400,,522.4997
INCTL,2019-05-01,6000,,1179.6127
INCTL,2019-06-01,50,,80.3427
INCTL,2019-06-01,400,,147.4429
INCTL,2019-06-01,800,,227.2126
INCTL,2019-06-01,2400,,528.3029
INCTL,2019-06-01,6000,,1192.2646
INCTL,2019-07-01,50,,82.498
INCTL,2019-07-01,400,,151.0086
INCTL,2019-07-01,800,,232.4063
INCTL,2019-07-01,2400,,539.9145
INCTL,2019-07-01,6000,,1218.2458
INCTL,2019-08-01,50,,83.0066
INCTL,2019-08-01,400,,151.6059
INCTL,2019-08-01,800,,233.1308
INCTL,2019-08-01,2400,,540.9972
INCTL,2019-08-01,6000,,1220.0215
INCTL,2019-09-01,50,,83.203
INCTL,2019-09-01,400,,151.8378
INCTL,2019-09-01,800,,233.3964
INCTL,2019-09-01,2400,,541.4373
INCTL,2019-09-01,6000,,1220.8839
INCTL,2019-10-01,50,,83.2469
INCTL,2019-10-01,400,,152.7932
INCTL,2019-10-01,800,,235.3656
INCTL,2019-10-01,2400,,547.6254
INCTL,2019-10-01,6000,,1236.6879
INCTL,2019-11-01,50,,83.6697
INCTL,2019-11-01,400,,153.6542
INCTL,2019-11-01,800,,236.7486
INCTL,2019-11-01,2400,,550.9716
INCTL,2019-11-01,6000,,1244.3574
INCTL,2019-12-01,50,,84.3423
INCTL,2019-12-01,400,,154.6931
INCTL,2019-12-01,800,,238.2325
INCTL,2019-12-01,2400,,554.0823
INCTL,2019-12-01,6000,,1251.0135
INCTL,2020-01-01,50,,85.1766
INCTL,2020-01-01,400,,156.2034
INCTL,2020-01-01,800,,240.5502
INCTL,2020-01-01,2400,,559.4259
INCTL,2020-01-01,6000,,1263.0123
INCTL,2020-02-01,50,,85.9052
INCTL,2020-02-01,400,,157.315
INCTL,2020-02-01,800,,242.1738
INCTL,2020-02-01,2400,,562.6643
INCTL,2020-02-01,6000,,1269.5591
INCTL,2020-03-01,50,,86.217
INCTL,2020-03-01,400,,157.3613
INCTL,2020-03-01,800,,241.9127
INCTL,2020-03-01,2400,,561.1971
INCTL,2020-03-01,6000,,1265.3965
INCTL,2020-04-01,50,,85.7375
INCTL,2020-04-01,400,,155.4605
INCTL,2020-04-01,800,,238.3864
INCTL,2020-04-01,2400,,551.1754
INCTL,2020-04-01,6000,,1240.7643
INCTL,2020-05-01,50,,86.0779
INCTL,2020-05-01,400,,154.0755
INCTL,2020-05-01,800,,235.1054
INCTL,2020-05-01,2400,,539.8685
INCTL,2020-05-01,6000,,1211.0683
INCTL,2020-06-01,50,,86.0375
INCTL,2020-06-01,400,,152.8499
INCTL,2020-06-01,800,,232.5285
INCTL,2020-06-01,2400,,531.8665
INCTL,2020-06-01,6000,,1190.8444
INCTL,2020-07-01,50,,86.6664
INCTL,2020-07-01,400,,154.3944
INCTL,2020-07-01,800,,235.1784
INCTL,2020-07-01,2400,,538.5947
INCTL,2020-07-01,6000,,1206.4914
INCTL,2020-08-01,50,,87.6002
INCTL,2020-08-01,400,,156.6979
INCTL,2020-08-01,800,,239.1224
INCTL,2020-08-01,2400,,548.6623
INCTL,2020-08-01,6000,,1230.0085
INCTL,2020-09-01,50,,89.0172
INCTL,2020-09-01,400,,158.9177
INCTL,2020-09-01,800,,242.3682
INCTL,2020-09-01,2400,,555.3793
INCTL,2020-09-01,6000,,1244.0612
INCTL,2020-10-01,50,,90.9806
INCTL,2020-10-01,400,,161.5278
INCTL,2020-10-01,800,,245.9109
INCTL,2020-10-01,2400,,561.5228
INCTL,2020-10-01,6000,,1255.2089
INCTL,2020-11-01,50,,92.9477
INCTL,2020-11-01,400,,164.9146
INCTL,2020-11-01,800,,251.0849
INCTL,2020-11-01,2400,,572.8856
INCTL,2020-11-01,6000,,1279.7773
INCTL,2020-12-01,50,,95.0313
INCTL,2020-12-01,400,,167.9096
INCTL,2020-12-01,800,,255.3122
INCTL,2020-12-01,2400,,580.9301
INCTL,2020-12-01,6000,,1295.5763
INCTL,2021-01-01,50,,96.0843
INCTL,2021-01-01,400,,169.5413
INCTL,2021-01-01,800,,257.7411
INCTL,2021-01-01,2400,,585.7546
INCTL,2021-01-01,6000,,1305.196
INCTL,2021-02-01,50,,96.6701
INCTL,2021-02-01,400,,170.6758
INCTL,2021-02-01,800,,259.5314
INCTL,2021-02-01,2400,,590.0006
INCTL,2021-02-01,6000,,1314.841
INCTL,2021-03-01,50,,99.233
INCTL,2021-03-01,400,,176.9346
INCTL,2021-03-01,800,,270.182
INCTL,2021-03-01,2400,,617.2394
INCTL,2021-03-01,6000,,1378.6694
INCTL,2021-04-01,50,,101.6983
INCTL,2021-04-01,400,,181.1425
INCTL,2021-04-01,800,,276.5327
INCTL,2021-04-01,2400,,631.2786
INCTL,2021-04-01,6000,,1409.3456
INCTL,2021-05-01,50,,102.8051
INCTL,2021-05-01,400,,181.8487
INCTL,2021-05-01,800,,276.9002
INCTL,2021-05-01,2400,,629.5965
INCTL,2021-05-01,6000,,1402.5306
INCTL,2021-06-01,50,,104.2423
INCTL,2021-06-01,400,,185.0311
INCTL,2021-06-01,800,,282.2142
INCTL,2021-06-01,2400,,642.6373
INCTL,2021-06-01,6000,,1432.3579
INCTL,2021-07-01,50,,109.8281
INCTL,2021-07-01,400,,193.3818
INCTL,2021-07-01,800,,293.9286
INCTL,2021-07-01,2400,,666.6172
INCTL,2021-07-01,6000,,1483.0425
INCTL,2021-08-01,50,,111.451
INCTL,2021-08-01,400,,196.2866
INCTL,2021-08-01,800,,298.2853
INCTL,2021-08-01,2400,,676.8584
INCTL,2021-08-01,6000,,1506.5814
INCTL,2021-09-01,50,,114.1278
INCTL,2021-09-01,400,,200.2039
INCTL,2021-09-01,800,,303.7034
INCTL,2021-09-01,2400,,687.7945
INCTL,2021-09-01,6000,,1529.569
INCTL,2021-10-01,50,,117.1772
INCTL,2021-10-01,400,,205.8855
INCTL,2021-10-01,800,,312.3718
INCTL,2021-10-01,2400,,708.5355
INCTL,2021-10-01,6000,,1577.5674
INCTL,2021-11-01,50,,118.905
INCTL,2021-11-01,400,,211.216
INCTL,2021-11-01,800,,321.7599
INCTL,2021-11-01,2400,,734.5024
INCTL,2021-11-01,6000,,1641.098
INCTL,2021-12-01,50,,121.4695
INCTL,2021-12-01,400,,215.2998
INCTL,2021-12-01,800,,327.6761
INCTL,2021-12-01,2400,,747.1888
INCTL,2021-12-01,6000,,1668.5981
INCTL,2022-01-01,50,,121.1069
INCTL,2022-01-01,400,,214.8106
INCTL,2022-01-01,800,,326.9826
INCTL,2022-01-01,2400,,746.0252
INCTL,2022-01-01,6000,,1666.6371
INCTL,2022-02-01,50,,121.9754
INCTL,2022-02-01,400,,217.2478
INCTL,2022-02-01,800,,331.2911
INCTL,2022-02-01,2400,,757.3613
INCTL,2022-02-01,6000,,1693.4422
INCTL,2022-03-01,50,,122.487
INCTL,2022-03-01,400,,217.504
INCTL,2022-03-01,800,,331.3876
INCTL,2022-03-01,2400,,756.0472
INCTL,2022-03-01,6000,,1688.375
INCTL,2022-04-01,50,,125.3029
INCTL,2022-04-01,400,,228.3633
INCTL,2022-04-01,800,,351.5425
INCTL,2022-04-01,2400,,812.7836
INCTL,2022-04-01,6000,,1826.9694
INCTL,2022-05-01,50,,127.094
INCTL,2022-05-01,400,,231.3108
INCTL,2022-05-01,800,,355.9626
INCTL,2022-05-01,2400,,822.2128
INCTL,2022-05-01,6000,,1847.0076
INCTL,2022-06-01,50,,130.8253
INCTL,2022-06-01,400,,239.0853
INCTL,2022-06-01,800,,368.3685
INCTL,2022-06-01,2400,,853.0831
INCTL,2022-06-01,6000,,1919.3774
INCTL,2022-07-01,50,,134.0584
INCTL,2022-07-01,400,,248.6509
INCTL,2022-07-01,800,,385.2018
INCTL,2022-07-01,2400,,898.8086
INCTL,2022-07-01,6000,,2029.9765
INCTL,2022-08-01,50,,134.8902
INCTL,2022-08-01,400,,249.1611
INCTL,2022-08-01,800,,385.3687
INCTL,2022-08-01,2400,,897.4607
INCTL,2022-08-01,6000,,2025.1139
INCTL,2022-09-01,50,,135.0078
INCTL,2022-09-01,400,,246.723
INCTL,2022-09-01,800,,379.9919
INCTL,2022-09-01,2400,,880.4339
INCTL,2022-09-01,6000,,1981.9537
INCTL,2022-10-01,50,,134.4362
INCTL,2022-10-01,400,,243.8896
INCTL,2022-10-01,800,,374.5384
INCTL,2022-10-01,2400,,864.705
INCTL,2022-10-01,6000,,1943.2583
INCTL,2022-11-01,50,,135.3883
INCTL,2022-11-01,400,,246.0602
INCTL,2022-11-01,800,,378.008
INCTL,2022-11-01,2400,,873.9157
INCTL,2022-11-01,6000,,1965.7952
INCTL,2022-12-01,50,,138.2267
INCTL,2022-12-01,400,,251.7512
INCTL,2022-12-01,800,,386.9026
INCTL,2022-12-01,2400,,895.955
INCTL,2022-12-01,6000,,2017.6578
INCTL,2023-01-01,50,,137.8262
INCTL,2023-01-01,400,,249.5412
INCTL,2023-01-01,800,,382.6011
INCTL,2023-01-01,2400,,883.4241
INCTL,2023-01-01,6000,,1986.7133
INCTL,2023-02-01,50,,138.1448
INCTL,2023-02-01,400,,249.98
INCTL,2023-02-01,800,,383.1948
INCTL,2023-02-01,2400,,884.5358
INCTL,2023-02-01,6000,,1988.9145
INCTL,2023-03-01,50,,137.7478
INCTL,2023-03-01,400,,247.4111
INCTL,2023-03-01,800,,378.1337
INCTL,2023-03-01,2400,,869.5647
INCTL,2023-03-01,6000,,1951.69
INCTL,2023-04-01,50,,137.4669
INCTL,2023-04-01,400,,245.8572
INCTL,2023-04-01,800,,375.1226
INCTL,2023-04-01,2400,,860.7383
INCTL,2023-04-01,6000,,1929.7897
INCTL,2023-05-01,50,,137.1266
INCTL,2023-05-01,400,,244.9761
INCTL,2023-05-01,800,,373.5851
INCTL,2023-05-01,2400,,856.7984
INCTL,2023-05-01,6000,,1920.6112
INCTL,2023-06-01,50,,137.64
INCTL,2023-06-01,400,,242.9579
INCTL,2023-06-01,800,,368.5901
INCTL,2023-06-01,2400,,840.384
INCTL,2023-06-01,6000,,1878.8694
INCTL,2023-07-01,50,,141.552
INCTL,2023-07-01,400,,250.2148
INCTL,2023-07-01,800,,379.4924
INCTL,2023-07-01,2400,,866.9027
INCTL,2023-07-01,6000,,1941.3008
INCTL,2023-08-01,50,,141.2326
INCTL,2023-08-01,400,,249.9921
INCTL,2023-08-01,800,,379.2714
INCTL,2023-08-01,2400,,867.3219
INCTL,2023-08-01,6000,,1943.6352
INCTL,2023-09-01,50,,141.3028
INCTL,2023-09-01,400,,256.6061
INCTL,2023-09-01,800,,393.334
INCTL,2023-09-01,2400,,911.3554
INCTL,2023-09-01,6000,,2055.2355
INCTL,2023-10-01,50,,141.4515
INCTL,2023-10-01,400,,257.2791
INCTL,2023-10-01,800,,394.6111
INCTL,2023-10-01,2400,,915.0192
INCTL,2023-10-01,6000,,2064.2475
INCTL,2023-11-01,50,,141.9202
INCTL,2023-11-01,400,,258.8807
INCTL,2023-11-01,800,,397.5328
INCTL,2023-11-01,2400,,923.0736
INCTL,2023-11-01,6000,,2083.7398
INCTL,2023-12-01,50,,143.0365
INCTL,2023-12-01,400,,259.873
INCTL,2023-12-01,800,,398.4118
INCTL,2023-12-01,2400,,923.3335
INCTL,2023-12-01,6000,,2082.482
INCTL,2024-01-01,50,,143.0792
INCTL,2024-01-01,400,,258.3757
INCTL,2024-01-01,800,,395.1863
INCTL,2024-01-01,2400,,913.0103
INCTL,2024-01-01,6000,,2056.0505
INCTL,2024-02-01,50,,145.9405
INCTL,2024-02-01,400,,263.3777
INCTL,2024-02-01,800,,402.6746
INCTL,2024-02-01,2400,,930.2115
INCTL,2024-02-01,6000,,2094.9313
INCTL,2024-03-01,50,,147.0234
INCTL,2024-03-01,400,,265.783
INCTL,2024-03-01,800,,406.5611
INCTL,2024-03-01,2400,,940.1988
INCTL,2024-03-01,6000,,2118.7776
INCTL,2024-04-01,50,,148.9407
INCTL,2024-04-01,400,,269.4319
INCTL,2024-04-01,800,,412.1507
INCTL,2024-04-01,2400,,953.7745
INCTL,2024-04-01,6000,,2150.4893
INCTL,2024-05-01,50,,147.293
INCTL,2024-05-01,400,,266.5292
INCTL,2024-05-01,800,,407.7883
INCTL,2024-05-01,2400,,943.7209
INCTL,2024-05-01,6000,,2127.7411
INCTL,2024-06-01,50,,148.176
INCTL,2024-06-01,400,,267.4657
INCTL,2024-06-01,800,,408.8279
INCTL,2024-06-01,2400,,944.9284
INCTL,2024-06-01,6000,,2129.1433
INCTL,2024-07-01,50,,148.5573
INCTL,2024-07-01,400,,267.9727
INCTL,2024-07-01,800,,409.5275
INCTL,2024-07-01,2400,,946.1131
INCTL,2024-07-01,6000,,2131.2056
INCTL,2024-08-01,50,,149.8284
INCTL,2024-08-01,400,,270.6894
INCTL,2024-08-01,800,,413.924
INCTL,2024-08-01,2400,,957.0669
INCTL,2024-08-01,6000,,2156.7918
INCTL,2024-09-01,50,,150.2256
INCTL,2024-09-01,400,,271.2039
INCTL,2024-09-01,800,,414.6203
INCTL,2024-09-01,2400,,958.2121
INCTL,2024-09-01,6000,,2158.7381
INCTL,2024-10-01,50,,150.2673
INCTL,2024-10-01,400,,271.2148
INCTL,2024-10-01,800,,414.6017
INCTL,2024-10-01,2400,,958.0419
INCTL,2024-10-01,6000,,2158.2019
INCTL,2024-11-01,50,,151.4457
INCTL,2024-11-01,400,,272.9926
INCTL,2024-11-01,800,,417.1266
INCTL,2024-11-01,2400,,963.1935
INCTL,2024-11-01,6000,,2168.992
INCTL,2024-12-01,50,,152.3501
INCTL,2024-12-01,400,,274.257
INCTL,2024-12-01,800,,418.9076
INCTL,2024-12-01,2400,,966.4275
INCTL,2024-12-01,6000,,2175.0354
INCTL,2025-01-01,50,,153.0409
INCTL,2025-01-01,400,,275.9186
INCTL,2025-01-01,800,,421.6604
INCTL,2025-01-01,2400,,973.6518
INCTL,2025-01-01,6000,,2192.4006
INCTL,2025-02-01,50,,154.1854
INCTL,2025-02-01,400,,277.9414
INCTL,2025-02-01,800,,424.7284
INCTL,2025-02-01,2400,,980.6592
INCTL,2025-02-01,6000,,2208.0909
INCTL,2025-03-01,50,,154.0827
INCTL,2025-03-01,400,,279.329
INCTL,2025-03-01,800,,427.8209
INCTL,2025-03-01,2400,,990.5612
INCTL,2025-03-01,6000,,2233.3066
INCTL,2025-04-01,50,,156.4005
INCTL,2025-04-01,400,,283.029
INCTL,2025-04-01,800,,433.156
INCTL,2025-04-01,2400,,1002.1134
INCTL,2025-04-01,6000,,2258.6049
INCTL,2025-05-01,50,,155.7816
INCTL,2025-05-01,400,,281.2986
INCTL,2025-05-01,800,,430.1075
INCTL,2025-05-01,2400,,994.0709
INCTL,2025-05-01,6000,,2239.5345
INCTL,2025-06-01,50,,154.7962
INCTL,2025-06-01,400,,278.2672
INCTL,2025-06-01,800,,424.7489
INCTL,2025-06-01,2400,,979.3396
INCTL,2025-06-01,6000,,2203.6665
INCTL,2025-07-01,50,,155.8724
INCTL,2025-07-01,400,,279.8308
INCTL,2025-07-01,800,,426.7952
INCTL,2025-07-01,2400,,983.7499
INCTL,2025-07-01,6000,,2213.7207
INCTL,2025-08-01,50,,154.278
INCTL,2025-08-01,400,,277.5982
INCTL,2025-08-01,800,,423.6892
INCTL,2025-08-01,2400,,977.9906
INCTL,2025-08-01,6000,,2202.6219
INCTL,2025-09-01,50,,154.1855
INCTL,2025-09-01,400,,277.7357
INCTL,2025-09-01,800,,424.0719
INCTL,2025-09-01,2400,,979.4562
INCTL,2025-09-01,6000,,2206.6001
INCTL,2025-10-01,50,,153.8196
INCTL,2025-10-01,400,,276.8759
INCTL,2025-10-01,800,,422.6654
INCTL,2025-10-01,2400,,975.7595
INCTL,2025-10-01,6000,,2197.6729
INCTL,2025-11-01,50,,156.3853
INCTL,2025-11-01,400,,281.51
INCTL,2025-11-01,800,,429.679
INCTL,2025-11-01,2400,,992.201
INCTL,2025-11-01,6000,,2235.2602
INCTL,2025-12-01,50,,156.7838
INCTL,2025-12-01,400,,282.3964
INCTL,2025-12-01,800,,431.1172
INCTL,2025-12-01,2400,,995.8801
INCTL,2025-12-01,6000,,2244.0068
INCTL,2026-01-01,50,,157.5143
INCTL,2026-01-01,400,,285.6909
INCTL,2026-01-01,800,,437.3353
INCTL,2026-01-01,2400,,1013.8317
INCTL,2026-01-01,6000,,2288.3878
INCTL_INDEX,2003-10-01,50,,100
INCTL_INDEX,2003-10-01,400,,100
INCTL_INDEX,2003-10-01,800,,100
INCTL_INDEX,2003-10-01,2400,,100
INCTL_INDEX,2003-10-01,6000,,100
INCTL_INDEX,2003-11-01,50,,100.8187
INCTL_INDEX,2003-11-01,400,,100.9719
INCTL_INDEX,2003-11-01,800,,101.024
INCTL_INDEX,2003-11-01,2400,,101.1002
INCTL_INDEX,2003-11-01,6000,,101.14
INCTL_INDEX,2003-12-01,50,,101.1062
INCTL_INDEX,2003-12-01,400,,101.2905
INCTL_INDEX,2003-12-01,800,,101.358
INCTL_INDEX,2003-12-01,2400,,101.4453
INCTL_INDEX,2003-12-01,6000,,101.4882
INCTL_INDEX,2004-01-01,50,,100.9405
INCTL_INDEX,2004-01-01,400,,100.877
INCTL_INDEX,2004-01-01,800,,100.865
INCTL_INDEX,2004-01-01,2400,,100.8209
INCTL_INDEX,2004-01-01,6000,,100.7917
INCTL_INDEX,2004-02-01,50,,102.9939
INCTL_INDEX,2004-02-01,400,,102.47
INCTL_INDEX,2004-02-01,800,,102.255
INCTL_INDEX,2004-02-01,2400,,101.8528
INCTL_INDEX,2004-02-01,6000,,101.6055
INCTL_INDEX,2004-03-01,50,,104.134
INCTL_INDEX,2004-03-01,400,,103.594
INCTL_INDEX,2004-03-01,800,,103.377
INCTL_INDEX,2004-03-01,2400,,102.9589
INCTL_INDEX,2004-03-01,6000,,102.6998
INCTL_INDEX,2004-04-01,50,,104.3945
INCTL_INDEX,2004-04-01,400,,103.7658
INCTL_INDEX,2004-04-01,800,,103.529
INCTL_INDEX,2004-04-01,2400,,103.0529
INCTL_INDEX,2004-04-01,6000,,102.7568
INCTL_INDEX,2004-05-01,50,,106.5291
INCTL_INDEX,2004-05-01,400,,105.5897
INCTL_INDEX,2004-05-01,800,,105.233
INCTL_INDEX,2004-05-01,2400,,104.626
INCTL_INDEX,2004-05-01,6000,,104.2728
INCTL_INDEX,2004-06-01,50,,108.2307
INCTL_INDEX,2004-06-01,400,,108.4838
INCTL_INDEX,2004-06-01,800,,108.566
INCTL_INDEX,2004-06-01,2400,,108.4837
INCTL_INDEX,2004-06-01,6000,,108.3731
INCTL_INDEX,2004-07-01,50,,109.3369
INCTL_INDEX,2004-07-01,400,,109.0834
INCTL_INDEX,2004-07-01,800,,108.988
INCTL_INDEX,2004-07-01,2400,,108.6665
INCTL_INDEX,2004-07-01,6000,,108.4362
INCTL_INDEX,2004-08-01,50,,110.6191
INCTL_INDEX,2004-08-01,400,,110.1341
INCTL_INDEX,2004-08-01,800,,109.957
INCTL_INDEX,2004-08-01,2400,,109.5254
INCTL_INDEX,2004-08-01,6000,,109.2408
INCTL_INDEX,2004-09-01,50,,112.8112
INCTL_INDEX,2004-09-01,400,,111.761
INCTL_INDEX,2004-09-01,800,,111.368
INCTL_INDEX,2004-09-01,2400,,110.6889
INCTL_INDEX,2004-09-01,6000,,110.2929
INCTL_INDEX,2004-10-01,50,,113.8802
INCTL_INDEX,2004-10-01,400,,113.9196
INCTL_INDEX,2004-10-01,800,,113.922
INCTL_INDEX,2004-10-01,2400,,113.7341
INCTL_INDEX,2004-10-01,6000,,113.5697
INCTL_INDEX,2004-11-01,50,,114.3471
INCTL_INDEX,2004-11-01,400,,114.3949
INCTL_INDEX,2004-11-01,800,,114.405
INCTL_INDEX,2004-11-01,2400,,114.2152
INCTL_INDEX,2004-11-01,6000,,114.0473
INCTL_INDEX,2004-12-01,50,,115.0271
INCTL_INDEX,2004-12-01,400,,115.8114
INCTL_INDEX,2004-12-01,800,,116.098
INCTL_INDEX,2004-12-01,2400,,116.2254
INCTL_INDEX,2004-12-01,6000,,116.1992
INCTL_INDEX,2005-01-01,50,,115.5007
INCTL_INDEX,2005-01-01,400,,116.4003
INCTL_INDEX,2005-01-01,800,,116.731
INCTL_INDEX,2005-01-01,2400,,116.9084
INCTL_INDEX,2005-01-01,6000,,116.9046
INCTL_INDEX,2005-02-01,50,,116.0758
INCTL_INDEX,2005-02-01,400,,117.1574
INCTL_INDEX,2005-02-01,800,,117.549
INCTL_INDEX,2005-02-01,2400,,117.8155
INCTL_INDEX,2005-02-01,6000,,117.8581
INCTL_INDEX,2005-03-01,50,,117.1854
INCTL_INDEX,2005-03-01,400,,118.0076
INCTL_INDEX,2005-03-01,800,,118.293
INCTL_INDEX,2005-03-01,2400,,118.4555
INCTL_INDEX,2005-03-01,6000,,118.4566
INCTL_INDEX,2005-04-01,50,,116.7084
INCTL_INDEX,2005-04-01,400,,117.723
INCTL_INDEX,2005-04-01,800,,118.106
INCTL_INDEX,2005-04-01,2400,,118.3176
INCTL_INDEX,2005-04-01,6000,,118.321
INCTL_INDEX,2005-05-01,50,,118.4371
INCTL_INDEX,2005-05-01,400,,119.1495
INCTL_INDEX,2005-05-01,800,,119.402
INCTL_INDEX,2005-05-01,2400,,119.5046
INCTL_INDEX,2005-05-01,6000,,119.4709
INCTL_INDEX,2005-06-01,50,,118.3254
INCTL_INDEX,2005-06-01,400,,119.3016
INCTL_INDEX,2005-06-01,800,,119.637
INCTL_INDEX,2005-06-01,2400,,119.8789
INCTL_INDEX,2005-06-01,6000,,119.9226
INCTL_INDEX,2005-07-01,50,,119.7598
INCTL_INDEX,2005-07-01,400,,120.1214
INCTL_INDEX,2005-07-01,800,,120.197
INCTL_INDEX,2005-07-01,2400,,120.2123
INCTL_INDEX,2005-07-01,6000,,120.1761
INCTL_INDEX,2005-08-01,50,,117.7808
INCTL_INDEX,2005-08-01,400,,117.7516
INCTL_INDEX,2005-08-01,800,,117.701
INCTL_INDEX,2005-08-01,2400,,117.5211
INCTL_INDEX,2005-08-01,6000,,117.3818
INCTL_INDEX,2005-09-01,50,,120.091
INCTL_INDEX,2005-09-01,400,,121.0807
INCTL_INDEX,2005-09-01,800,,121.354
INCTL_INDEX,2005-09-01,2400,,121.6971
INCTL_INDEX,2005-09-01,6000,,121.8401
INCTL_INDEX,2005-10-01,50,,117.0422
INCTL_INDEX,2005-10-01,400,,119.0051
INCTL_INDEX,2005-10-01,800,,119.681
INCTL_INDEX,2005-10-01,2400,,120.4163
INCTL_INDEX,2005-10-01,6000,,120.715
INCTL_INDEX,2005-11-01,50,,118.6674
INCTL_INDEX,2005-11-01,400,,120.4861
INCTL_INDEX,2005-11-01,800,,121.097
INCTL_INDEX,2005-11-01,2400,,121.7784
INCTL_INDEX,2005-11-01,6000,,122.059
INCTL_INDEX,2005-12-01,50,,118.6571
INCTL_INDEX,2005-12-01,400,,120.4481
INCTL_INDEX,2005-12-01,800,,121.052
INCTL_INDEX,2005-12-01,2400,,121.7158
INCTL_INDEX,2005-12-01,6000,,121.9849
INCTL_INDEX,2006-01-01,50,,118.4592
INCTL_INDEX,2006-01-01,400,,120.0916
INCTL_INDEX,2006-01-01,800,,120.6389
INCTL_INDEX,2006-01-01,2400,,121.2299
INCTL_INDEX,2006-01-01,6000,,121.4651
INCTL_INDEX,2006-02-01,50,,118.7015
INCTL_INDEX,2006-02-01,400,,120.2707
INCTL_INDEX,2006-02-01,800,,120.8036
INCTL_INDEX,2006-02-01,2400,,121.3516
INCTL_INDEX,2006-02-01,6000,,121.5581
INCTL_INDEX,2006-03-01,50,,118.2612
INCTL_INDEX,2006-03-01,400,,119.6826
INCTL_INDEX,2006-03-01,800,,120.1646
INCTL_INDEX,2006-03-01,2400,,120.64
INCTL_INDEX,2006-03-01,6000,,120.8098
INCTL_INDEX,2006-04-01,50,,116.6263
INCTL_INDEX,2006-04-01,400,,117.9416
INCTL_INDEX,2006-04-01,800,,118.3936
INCTL_INDEX,2006-04-01,2400,,118.8101
INCTL_INDEX,2006-04-01,6000,,118.9452
INCTL_INDEX,2006-05-01,50,,117.1588
INCTL_INDEX,2006-05-01,400,,118.2873
INCTL_INDEX,2006-05-01,800,,118.6592
INCTL_INDEX,2006-05-01,2400,,119.0023
INCTL_INDEX,2006-05-01,6000,,119.1115
INCTL_INDEX,2006-06-01,50,,116.9949
INCTL_INDEX,2006-06-01,400,,117.6176
INCTL_INDEX,2006-06-01,800,,117.8114
INCTL_INDEX,2006-06-01,2400,,117.9112
INCTL_INDEX,2006-06-01,6000,,117.8984
INCTL_INDEX,2006-07-01,50,,117.326
INCTL_INDEX,2006-07-01,400,,117.8963
INCTL_INDEX,2006-07-01,800,,118.0839
INCTL_INDEX,2006-07-01,2400,,118.1408
INCTL_INDEX,2006-07-01,6000,,118.0979
INCTL_INDEX,2006-08-01,50,,117.2543
INCTL_INDEX,2006-08-01,400,,117.6647
INCTL_INDEX,2006-08-01,800,,117.7963
INCTL_INDEX,2006-08-01,2400,,117.7751
INCTL_INDEX,2006-08-01,6000,,117.6922
INCTL_INDEX,2006-09-01,50,,118.1895
INCTL_INDEX,2006-09-01,400,,118.8845
INCTL_INDEX,2006-09-01,800,,119.1184
INCTL_INDEX,2006-09-01,2400,,119.23
INCTL_INDEX,2006-09-01,6000,,119.213
INCTL_INDEX,2006-10-01,50,,117.8448
INCTL_INDEX,2006-10-01,400,,118.4429
INCTL_INDEX,2006-10-01,800,,118.651
INCTL_INDEX,2006-10-01,2400,,118.7081
INCTL_INDEX,2006-10-01,6000,,118.6575
INCTL_INDEX,2006-11-01,50,,118.1998
INCTL_INDEX,2006-11-01,400,,118.4176
INCTL_INDEX,2006-11-01,800,,118.4991
INCTL_INDEX,2006-11-01,2400,,118.3621
INCTL_INDEX,2006-11-01,6000,,118.209
INCTL_INDEX,2006-12-01,50,,118.3226
INCTL_INDEX,2006-12-01,400,,118.3814
INCTL_INDEX,2006-12-01,800,,118.4133
INCTL_INDEX,2006-12-01,2400,,118.1867
INCTL_INDEX,2006-12-01,6000,,117.9832
INCTL_INDEX,2007-01-01,50,,118.4046
INCTL_INDEX,2007-01-01,400,,118.7343
INCTL_INDEX,2007-01-01,800,,118.8679
INCTL_INDEX,2007-01-01,2400,,118.7638
INCTL_INDEX,2007-01-01,6000,,118.6162
INCTL_INDEX,2007-02-01,50,,118.425
INCTL_INDEX,2007-02-01,400,,118.566
INCTL_INDEX,2007-02-01,800,,118.6348
INCTL_INDEX,2007-02-01,2400,,118.4375
INCTL_INDEX,2007-02-01,6000,,118.2422
INCTL_INDEX,2007-03-01,50,,119.2851
INCTL_INDEX,2007-03-01,400,,119.6029
INCTL_INDEX,2007-03-01,800,,119.7297
INCTL_INDEX,2007-03-01,2400,,119.6247
INCTL_INDEX,2007-03-01,6000,,119.4794
INCTL_INDEX,2007-04-01,50,,119.6367
INCTL_INDEX,2007-04-01,400,,120.164
INCTL_INDEX,2007-04-01,800,,120.3652
INCTL_INDEX,2007-04-01,2400,,120.3581
INCTL_INDEX,2007-04-01,6000,,120.2613
INCTL_INDEX,2007-05-01,50,,120.7524
INCTL_INDEX,2007-05-01,400,,121.1817
INCTL_INDEX,2007-05-01,800,,121.3295
INCTL_INDEX,2007-05-01,2400,,121.2987
INCTL_INDEX,2007-05-01,6000,,121.2021
INCTL_INDEX,2007-06-01,50,,120.7402
INCTL_INDEX,2007-06-01,400,,121.0358
INCTL_INDEX,2007-06-01,800,,121.1333
INCTL_INDEX,2007-06-01,2400,,121.0424
INCTL_INDEX,2007-06-01,6000,,120.9181
INCTL_INDEX,2007-07-01,50,,121.026
INCTL_INDEX,2007-07-01,400,,120.7963
INCTL_INDEX,2007-07-01,800,,120.6937
INCTL_INDEX,2007-07-01,2400,,120.37
INCTL_INDEX,2007-07-01,6000,,120.1401
INCTL_INDEX,2007-08-01,50,,121.6936
INCTL_INDEX,2007-08-01,400,,121.5798
INCTL_INDEX,2007-08-01,800,,121.5105
INCTL_INDEX,2007-08-01,2400,,121.2513
INCTL_INDEX,2007-08-01,6000,,121.0586
INCTL_INDEX,2007-09-01,50,,121.8735
INCTL_INDEX,2007-09-01,400,,121.7328
INCTL_INDEX,2007-09-01,800,,121.6508
INCTL_INDEX,2007-09-01,2400,,121.3828
INCTL_INDEX,2007-09-01,6000,,121.1878
INCTL_INDEX,2007-10-01,50,,121.9211
INCTL_INDEX,2007-10-01,400,,121.8424
INCTL_INDEX,2007-10-01,800,,121.7829
INCTL_INDEX,2007-10-01,2400,,121.5438
INCTL_INDEX,2007-10-01,6000,,121.3628
INCTL_INDEX,2007-11-01,50,,122.0033
INCTL_INDEX,2007-11-01,400,,122.0167
INCTL_INDEX,2007-11-01,800,,121.9902
INCTL_INDEX,2007-11-01,2400,,121.7944
INCTL_INDEX,2007-11-01,6000,,121.6344
INCTL_INDEX,2007-12-01,50,,122.1615
INCTL_INDEX,2007-12-01,400,,122.3454
INCTL_INDEX,2007-12-01,800,,122.3801
INCTL_INDEX,2007-12-01,2400,,122.2643
INCTL_INDEX,2007-12-01,6000,,122.1434
INCTL_INDEX,2008-01-01,50,,122.2529
INCTL_INDEX,2008-01-01,400,,122.7854
INCTL_INDEX,2008-01-01,800,,122.9486
INCTL_INDEX,2008-01-01,2400,,122.9924
INCTL_INDEX,2008-01-01,6000,,122.9469
INCTL_INDEX,2008-02-01,50,,122.3806
INCTL_INDEX,2008-02-01,400,,123.0243
INCTL_INDEX,2008-02-01,800,,123.2271
INCTL_INDEX,2008-02-01,2400,,123.3236
INCTL_INDEX,2008-02-01,6000,,123.304
INCTL_INDEX,2008-03-01,50,,122.4093
INCTL_INDEX,2008-03-01,400,,123.1246
INCTL_INDEX,2008-03-01,800,,123.3536
INCTL_INDEX,2008-03-01,2400,,123.4829
INCTL_INDEX,2008-03-01,6000,,123.479
INCTL_INDEX,2008-04-01,50,,122.5171
INCTL_INDEX,2008-04-01,400,,123.2551
INCTL_INDEX,2008-04-01,800,,123.491
INCTL_INDEX,2008-04-01,2400,,123.6327
INCTL_INDEX,2008-04-01,6000,,123.6356
INCTL_INDEX,2008-05-01,50,,125.3434
INCTL_INDEX,2008-05-01,400,,127.2677
INCTL_INDEX,2008-05-01,800,,127.9268
INCTL_INDEX,2008-05-01,2400,,128.6257
INCTL_INDEX,2008-05-01,6000,,128.9007
INCTL_INDEX,2008-06-01,50,,127.1178
INCTL_INDEX,2008-06-01,400,,128.9475
INCTL_INDEX,2008-06-01,800,,129.585
INCTL_INDEX,2008-06-01,2400,,130.2189
INCTL_INDEX,2008-06-01,6000,,130.4519
INCTL_INDEX,2008-07-01,50,,129.2589
INCTL_INDEX,2008-07-01,400,,130.8411
INCTL_INDEX,2008-07-01,800,,131.3968
INCTL_INDEX,2008-07-01,2400,,131.9002
INCTL_INDEX,2008-07-01,6000,,132.0628
INCTL_INDEX,2008-08-01,50,,129.9908
INCTL_INDEX,2008-08-01,400,,131.4687
INCTL_INDEX,2008-08-01,800,,131.9988
INCTL_INDEX,2008-08-01,2400,,132.4355
INCTL_INDEX,2008-08-01,6000,,132.5563
INCTL_INDEX,2008-09-01,50,,130.0182
INCTL_INDEX,2008-09-01,400,,131.5502
INCTL_INDEX,2008-09-01,800,,132.1001
INCTL_INDEX,2008-09-01,2400,,132.5618
INCTL_INDEX,2008-09-01,6000,,132.6945
INCTL_INDEX,2008-10-01,50,,130.4018
INCTL_INDEX,2008-10-01,400,,132.0139
INCTL_INDEX,2008-10-01,800,,132.5964
INCTL_INDEX,2008-10-01,2400,,133.09
INCTL_INDEX,2008-10-01,6000,,133.2352
INCTL_INDEX,2008-11-01,50,,130.9595
INCTL_INDEX,2008-11-01,400,,132.46
INCTL_INDEX,2008-11-01,800,,133.0186
INCTL_INDEX,2008-11-01,2400,,133.4364
INCTL_INDEX,2008-11-01,6000,,133.5323
INCTL_INDEX,2008-12-01,50,,130.8893
INCTL_INDEX,2008-12-01,400,,132.4299
INCTL_INDEX,2008-12-01,800,,133.0013
INCTL_INDEX,2008-12-01,2400,,133.4404
INCTL_INDEX,2008-12-01,6000,,133.5481
INCTL_INDEX,2009-01-01,50,,130.3406
INCTL_INDEX,2009-01-01,400,,132.012
INCTL_INDEX,2009-01-01,800,,132.6231
INCTL_INDEX,2009-01-01,2400,,133.1347
INCTL_INDEX,2009-01-01,6000,,133.2833
INCTL_INDEX,2009-02-01,50,,130.2924
INCTL_INDEX,2009-02-01,400,,132.0446
INCTL_INDEX,2009-02-01,800,,132.6802
INCTL_INDEX,2009-02-01,2400,,133.2362
INCTL_INDEX,2009-02-01,6000,,133.4099
INCTL_INDEX,2009-03-01,50,,130.1293
INCTL_INDEX,2009-03-01,400,,131.9706
INCTL_INDEX,2009-03-01,800,,132.636
INCTL_INDEX,2009-03-01,2400,,133.2374
INCTL_INDEX,2009-03-01,6000,,133.4351
INCTL_INDEX,2009-04-01,50,,129.5934
INCTL_INDEX,2009-04-01,400,,131.6782
INCTL_INDEX,2009-04-01,800,,132.4143
INCTL_INDEX,2009-04-01,2400,,133.1541
INCTL_INDEX,2009-04-01,6000,,133.432
INCTL_INDEX,2009-05-01,50,,131.6081
INCTL_INDEX,2009-05-01,400,,133.4525
INCTL_INDEX,2009-05-01,800,,134.071
INCTL_INDEX,2009-05-01,2400,,134.7359
INCTL_INDEX,2009-05-01,6000,,134.9986
INCTL_INDEX,2009-06-01,50,,131.2507
INCTL_INDEX,2009-06-01,400,,132.3777
INCTL_INDEX,2009-06-01,800,,132.7323
INCTL_INDEX,2009-06-01,2400,,133.0682
INCTL_INDEX,2009-06-01,6000,,133.1751
INCTL_INDEX,2009-07-01,50,,131.3853
INCTL_INDEX,2009-07-01,400,,132.1853
INCTL_INDEX,2009-07-01,800,,132.404
INCTL_INDEX,2009-07-01,2400,,132.6105
INCTL_INDEX,2009-07-01,6000,,132.6677
INCTL_INDEX,2009-08-01,50,,131.0013
INCTL_INDEX,2009-08-01,400,,132.0199
INCTL_INDEX,2009-08-01,800,,132.3041
INCTL_INDEX,2009-08-01,2400,,132.6321
INCTL_INDEX,2009-08-01,6000,,132.7584
INCTL_INDEX,2009-09-01,50,,131.0473
INCTL_INDEX,2009-09-01,400,,131.9932
INCTL_INDEX,2009-09-01,800,,132.2509
INCTL_INDEX,2009-09-01,2400,,132.545
INCTL_INDEX,2009-09-01,6000,,132.655
INCTL_INDEX,2009-10-01,50,,131.2206
INCTL_INDEX,2009-10-01,400,,132.0888
INCTL_INDEX,2009-10-01,800,,132.3202
INCTL_INDEX,2009-10-01,2400,,132.5751
INCTL_INDEX,2009-10-01,6000,,132.6644
INCTL_INDEX,2009-11-01,50,,131.258
INCTL_INDEX,2009-11-01,400,,132.2538
INCTL_INDEX,2009-11-01,800,,132.5308
INCTL_INDEX,2009-11-01,2400,,132.8461
INCTL_INDEX,2009-11-01,6000,,132.9653
INCTL_INDEX,2009-12-01,50,,131.3276
INCTL_INDEX,2009-12-01,400,,132.3677
INCTL_INDEX,2009-12-01,800,,132.6594
INCTL_INDEX,2009-12-01,2400,,132.997
INCTL_INDEX,2009-12-01,6000,,133.1279
INCTL_INDEX,2010-01-01,50,,131.3678
INCTL_INDEX,2010-01-01,400,,132.5111
INCTL_INDEX,2010-01-01,800,,132.8352
INCTL_INDEX,2010-01-01,2400,,133.2276
INCTL_INDEX,2010-01-01,6000,,133.3885
INCTL_INDEX,2010-02-01,50,,131.8976
INCTL_INDEX,2010-02-01,400,,133.5802
INCTL_INDEX,2010-02-01,800,,134.1152
INCTL_INDEX,2010-02-01,2400,,134.7375
INCTL_INDEX,2010-02-01,6000,,134.9978
INCTL_INDEX,2010-03-01,50,,132.9616
INCTL_INDEX,2010-03-01,400,,134.8182
INCTL_INDEX,2010-03-01,800,,135.4281
INCTL_INDEX,2010-03-01,2400,,136.1136
INCTL_INDEX,2010-03-01,6000,,136.3949
INCTL_INDEX,2010-04-01,50,,133.4808
INCTL_INDEX,2010-04-01,400,,135.207
INCTL_INDEX,2010-04-01,800,,135.7703
INCTL_INDEX,2010-04-01,2400,,136.3928
INCTL_INDEX,2010-04-01,6000,,136.6427
INCTL_INDEX,2010-05-01,50,,135.8884
INCTL_INDEX,2010-05-01,400,,137.3117
INCTL_INDEX,2010-05-01,800,,137.7385
INCTL_INDEX,2010-05-01,2400,,138.2511
INCTL_INDEX,2010-05-01,6000,,138.4661
INCTL_INDEX,2010-06-01,50,,136.8897
INCTL_INDEX,2010-06-01,400,,138.1262
INCTL_INDEX,2010-06-01,800,,138.5078
INCTL_INDEX,2010-06-01,2400,,138.9005
INCTL_INDEX,2010-06-01,6000,,139.0401
INCTL_INDEX,2010-07-01,50,,137.7346
INCTL_INDEX,2010-07-01,400,,138.7158
INCTL_INDEX,2010-07-01,800,,138.9983
INCTL_INDEX,2010-07-01,2400,,139.2793
INCTL_INDEX,2010-07-01,6000,,139.3692
INCTL_INDEX,2010-08-01,50,,137.7683
INCTL_INDEX,2010-08-01,400,,138.6824
INCTL_INDEX,2010-08-01,800,,138.9461
INCTL_INDEX,2010-08-01,2400,,139.1883
INCTL_INDEX,2010-08-01,6000,,139.2554
INCTL_INDEX,2010-09-01,50,,138.152
INCTL_INDEX,2010-09-01,400,,138.7449
INCTL_INDEX,2010-09-01,800,,138.9165
INCTL_INDEX,2010-09-01,2400,,138.9748
INCTL_INDEX,2010-09-01,6000,,138.9347
INCTL_INDEX,2010-10-01,50,,139.3454
INCTL_INDEX,2010-10-01,400,,139.9424
INCTL_INDEX,2010-10-01,800,,140.1273
INCTL_INDEX,2010-10-01,2400,,140.1692
INCTL_INDEX,2010-10-01,6000,,140.1116
INCTL_INDEX,2010-11-01,50,,139.9114
INCTL_INDEX,2010-11-01,400,,140.3371
INCTL_INDEX,2010-11-01,800,,140.4766
INCTL_INDEX,2010-11-01,2400,,140.4148
INCTL_INDEX,2010-11-01,6000,,140.2945
INCTL_INDEX,2010-12-01,50,,140.8433
INCTL_INDEX,2010-12-01,400,,140.9786
INCTL_INDEX,2010-12-01,800,,141.0368
INCTL_INDEX,2010-12-01,2400,,140.8051
INCTL_INDEX,2010-12-01,6000,,140.5843
INCTL_INDEX,2011-01-01,50,,140.9185
INCTL_INDEX,2011-01-01,400,,141.1141
INCTL_INDEX,2011-01-01,800,,141.1981
INCTL_INDEX,2011-01-01,2400,,140.9893
INCTL_INDEX,2011-01-01,6000,,140.7765
INCTL_INDEX,2011-02-01,50,,141.7875
INCTL_INDEX,2011-02-01,400,,141.9989
INCTL_INDEX,2011-02-01,800,,142.0961
INCTL_INDEX,2011-02-01,2400,,141.8827
INCTL_INDEX,2011-02-01,6000,,141.6616
INCTL_INDEX,2011-03-01,50,,142.6201
INCTL_INDEX,2011-03-01,400,,142.9176
INCTL_INDEX,2011-03-01,800,,143.0606
INCTL_INDEX,2011-03-01,2400,,142.866
INCTL_INDEX,2011-03-01,6000,,142.6425
INCTL_INDEX,2011-04-01,50,,143.015
INCTL_INDEX,2011-04-01,400,,143.267
INCTL_INDEX,2011-04-01,800,,143.4001
INCTL_INDEX,2011-04-01,2400,,143.1745
INCTL_INDEX,2011-04-01,6000,,142.9309
INCTL_INDEX,2011-05-01,50,,145.8382
INCTL_INDEX,2011-05-01,400,,145.6932
INCTL_INDEX,2011-05-01,800,,145.6417
INCTL_INDEX,2011-05-01,2400,,145.2803
INCTL_INDEX,2011-05-01,6000,,144.9993
INCTL_INDEX,2011-06-01,50,,145.5618
INCTL_INDEX,2011-06-01,400,,145.5497
INCTL_INDEX,2011-06-01,800,,145.538
INCTL_INDEX,2011-06-01,2400,,145.2503
INCTL_INDEX,2011-06-01,6000,,145.0112
INCTL_INDEX,2011-07-01,50,,145.3751
INCTL_INDEX,2011-07-01,400,,145.3807
INCTL_INDEX,2011-07-01,800,,145.3744
INCTL_INDEX,2011-07-01,2400,,145.0969
INCTL_INDEX,2011-07-01,6000,,144.8637
INCTL_INDEX,2011-08-01,50,,145.4713
INCTL_INDEX,2011-08-01,400,,145.5635
INCTL_INDEX,2011-08-01,800,,145.5852
INCTL_INDEX,2011-08-01,2400,,145.3525
INCTL_INDEX,2011-08-01,6000,,145.1432
INCTL_INDEX,2011-09-01,50,,146.8251
INCTL_INDEX,2011-09-01,400,,146.5061
INCTL_INDEX,2011-09-01,800,,146.371
INCTL_INDEX,2011-09-01,2400,,145.9541
INCTL_INDEX,2011-09-01,6000,,145.6607
INCTL_INDEX,2011-10-01,50,,147.2655
INCTL_INDEX,2011-10-01,400,,146.8521
INCTL_INDEX,2011-10-01,800,,146.6956
INCTL_INDEX,2011-10-01,2400,,146.2164
INCTL_INDEX,2011-10-01,6000,,145.883
INCTL_INDEX,2011-11-01,50,,147.1609
INCTL_INDEX,2011-11-01,400,,146.6469
INCTL_INDEX,2011-11-01,800,,146.465
INCTL_INDEX,2011-11-01,2400,,145.9241
INCTL_INDEX,2011-11-01,6000,,145.5528
INCTL_INDEX,2011-12-01,50,,147.3301
INCTL_INDEX,2011-12-01,400,,146.8092
INCTL_INDEX,2011-12-01,800,,146.6297
INCTL_INDEX,2011-12-01,2400,,146.0787
INCTL_INDEX,2011-12-01,6000,,145.6988
INCTL_INDEX,2012-01-01,50,,147.3642
INCTL_INDEX,2012-01-01,400,,147.036
INCTL_INDEX,2012-01-01,800,,146.9157
INCTL_INDEX,2012-01-01,2400,,146.469
INCTL_INDEX,2012-01-01,6000,,146.1473
INCTL_INDEX,2012-02-01,50,,147.3855
INCTL_INDEX,2012-02-01,400,,147.0218
INCTL_INDEX,2012-02-01,800,,146.8882
INCTL_INDEX,2012-02-01,2400,,146.4254
INCTL_INDEX,2012-02-01,6000,,146.0964
INCTL_INDEX,2012-03-01,50,,148.592
INCTL_INDEX,2012-03-01,400,,151.1224
INCTL_INDEX,2012-03-01,800,,152.0486
INCTL_INDEX,2012-03-01,2400,,152.9196
INCTL_INDEX,2012-03-01,6000,,153.226
INCTL_INDEX,2012-04-01,50,,148.7124
INCTL_INDEX,2012-04-01,400,,150.709
INCTL_INDEX,2012-04-01,800,,151.4466
INCTL_INDEX,2012-04-01,2400,,152.0617
INCTL_INDEX,2012-04-01,6000,,152.2408
INCTL_INDEX,2012-05-01,50,,152.3228
INCTL_INDEX,2012-05-01,400,,154.027
INCTL_INDEX,2012-05-01,800,,154.6295
INCTL_INDEX,2012-05-01,2400,,155.1402
INCTL_INDEX,2012-05-01,6000,,155.2877
INCTL_INDEX,2012-06-01,50,,152.7424
INCTL_INDEX,2012-06-01,400,,154.365
INCTL_INDEX,2012-06-01,800,,154.9512
INCTL_INDEX,2012-06-01,2400,,155.405
INCTL_INDEX,2012-06-01,6000,,155.515
INCTL_INDEX,2012-07-01,50,,153.9325
INCTL_INDEX,2012-07-01,400,,155.7207
INCTL_INDEX,2012-07-01,800,,156.3708
INCTL_INDEX,2012-07-01,2400,,156.8941
INCTL_INDEX,2012-07-01,6000,,157.0338
INCTL_INDEX,2012-08-01,50,,154.8854
INCTL_INDEX,2012-08-01,400,,156.4081
INCTL_INDEX,2012-08-01,800,,156.9935
INCTL_INDEX,2012-08-01,2400,,157.3484
INCTL_INDEX,2012-08-01,6000,,157.3827
INCTL_INDEX,2012-09-01,50,,155.8239
INCTL_INDEX,2012-09-01,400,,157.0718
INCTL_INDEX,2012-09-01,800,,157.582
INCTL_INDEX,2012-09-01,2400,,157.7738
INCTL_INDEX,2012-09-01,6000,,157.7107
INCTL_INDEX,2012-10-01,50,,156.3761
INCTL_INDEX,2012-10-01,400,,157.7161
INCTL_INDEX,2012-10-01,800,,158.2786
INCTL_INDEX,2012-10-01,2400,,158.4867
INCTL_INDEX,2012-10-01,6000,,158.4171
INCTL_INDEX,2012-11-01,50,,156.6047
INCTL_INDEX,2012-11-01,400,,158.1795
INCTL_INDEX,2012-11-01,800,,158.8261
INCTL_INDEX,2012-11-01,2400,,159.1447
INCTL_INDEX,2012-11-01,6000,,159.1291
INCTL_INDEX,2012-12-01,50,,156.6934
INCTL_INDEX,2012-12-01,400,,158.2641
INCTL_INDEX,2012-12-01,800,,158.9116
INCTL_INDEX,2012-12-01,2400,,159.2247
INCTL_INDEX,2012-12-01,6000,,159.2046
INCTL_INDEX,2013-01-01,50,,157.2666
INCTL_INDEX,2013-01-01,400,,159.195
INCTL_INDEX,2013-01-01,800,,159.9849
INCTL_INDEX,2013-01-01,2400,,160.4465
INCTL_INDEX,2013-01-01,6000,,160.4883
INCTL_INDEX,2013-02-01,50,,158.0222
INCTL_INDEX,2013-02-01,400,,160.6918
INCTL_INDEX,2013-02-01,800,,161.7646
INCTL_INDEX,2013-02-01,2400,,162.5516
INCTL_INDEX,2013-02-01,6000,,162.7395
INCTL_INDEX,2013-03-01,50,,158.3275
INCTL_INDEX,2013-03-01,400,,161.8283
INCTL_INDEX,2013-03-01,800,,163.2084
INCTL_INDEX,2013-03-01,2400,,164.3744
INCTL_INDEX,2013-03-01,6000,,164.7407
INCTL_INDEX,2013-04-01,50,,158.4486
INCTL_INDEX,2013-04-01,400,,162.1495
INCTL_INDEX,2013-04-01,800,,163.6053
INCTL_INDEX,2013-04-01,2400,,164.8601
INCTL_INDEX,2013-04-01,6000,,165.267
INCTL_INDEX,2013-05-01,50,,161.7911
INCTL_INDEX,2013-05-01,400,,165.1023
INCTL_INDEX,2013-05-01,800,,166.3633
INCTL_INDEX,2013-05-01,2400,,167.5021
INCTL_INDEX,2013-05-01,6000,,167.8902
INCTL_INDEX,2013-06-01,50,,161.8128
INCTL_INDEX,2013-06-01,400,,165.1759
INCTL_INDEX,2013-06-01,800,,166.4561
INCTL_INDEX,2013-06-01,2400,,167.6185
INCTL_INDEX,2013-06-01,6000,,168.0176
INCTL_INDEX,2013-07-01,50,,163.1885
INCTL_INDEX,2013-07-01,400,,165.9629
INCTL_INDEX,2013-07-01,800,,167.024
INCTL_INDEX,2013-07-01,2400,,167.9167
INCTL_INDEX,2013-07-01,6000,,168.1887
INCTL_INDEX,2013-08-01,50,,163.4929
INCTL_INDEX,2013-08-01,400,,166.2479
INCTL_INDEX,2013-08-01,800,,167.3021
INCTL_INDEX,2013-08-01,2400,,168.1849
INCTL_INDEX,2013-08-01,6000,,168.4518
INCTL_INDEX,2013-09-01,50,,164.2162
INCTL_INDEX,2013-09-01,400,,166.8078
INCTL_INDEX,2013-09-01,800,,167.8047
INCTL_INDEX,2013-09-01,2400,,168.6073
INCTL_INDEX,2013-09-01,6000,,168.8335
INCTL_INDEX,2013-10-01,50,,165.2577
INCTL_INDEX,2013-10-01,400,,167.505
INCTL_INDEX,2013-10-01,800,,168.405
INCTL_INDEX,2013-10-01,2400,,169.0069
INCTL_INDEX,2013-10-01,6000,,169.1148
INCTL_INDEX,2013-11-01,50,,165.6944
INCTL_INDEX,2013-11-01,400,,167.7961
INCTL_INDEX,2013-11-01,800,,168.6532
INCTL_INDEX,2013-11-01,2400,,169.1729
INCTL_INDEX,2013-11-01,6000,,169.2334
INCTL_INDEX,2013-12-01,50,,166.2458
INCTL_INDEX,2013-12-01,400,,169.7032
INCTL_INDEX,2013-12-01,800,,171.0604
INCTL_INDEX,2013-12-01,2400,,172.2001
INCTL_INDEX,2013-12-01,6000,,172.5534
INCTL_INDEX,2014-01-01,50,,168.4476
INCTL_INDEX,2014-01-01,400,,172.3049
INCTL_INDEX,2014-01-01,800,,173.7981
INCTL_INDEX,2014-01-01,2400,,175.132
INCTL_INDEX,2014-01-01,6000,,175.584
INCTL_INDEX,2014-02-01,50,,167.6277
INCTL_INDEX,2014-02-01,400,,171.383
INCTL_INDEX,2014-02-01,800,,172.8792
INCTL_INDEX,2014-02-01,2400,,174.1132
INCTL_INDEX,2014-02-01,6000,,174.4881
INCTL_INDEX,2014-03-01,50,,168.3343
INCTL_INDEX,2014-03-01,400,,171.5968
INCTL_INDEX,2014-03-01,800,,172.9247
INCTL_INDEX,2014-03-01,2400,,173.9133
INCTL_INDEX,2014-03-01,6000,,174.1615
INCTL_INDEX,2014-04-01,50,,169.4614
INCTL_INDEX,2014-04-01,400,,172.3633
INCTL_INDEX,2014-04-01,800,,173.59
INCTL_INDEX,2014-04-01,2400,,174.368
INCTL_INDEX,2014-04-01,6000,,174.492
INCTL_INDEX,2014-05-01,50,,172.5805
INCTL_INDEX,2014-05-01,400,,174.9971
INCTL_INDEX,2014-05-01,800,,176.0038
INCTL_INDEX,2014-05-01,2400,,176.6087
INCTL_INDEX,2014-05-01,6000,,176.6793
INCTL_INDEX,2014-06-01,50,,172.0621
INCTL_INDEX,2014-06-01,400,,174.7685
INCTL_INDEX,2014-06-01,800,,175.8585
INCTL_INDEX,2014-06-01,2400,,176.6291
INCTL_INDEX,2014-06-01,6000,,176.796
INCTL_INDEX,2014-07-01,50,,171.4142
INCTL_INDEX,2014-07-01,400,,174.3589
INCTL_INDEX,2014-07-01,800,,175.5155
INCTL_INDEX,2014-07-01,2400,,176.4255
INCTL_INDEX,2014-07-01,6000,,176.675
INCTL_INDEX,2014-08-01,50,,171.7249
INCTL_INDEX,2014-08-01,400,,174.3931
INCTL_INDEX,2014-08-01,800,,175.4158
INCTL_INDEX,2014-08-01,2400,,176.2418
INCTL_INDEX,2014-08-01,6000,,176.4753
INCTL_INDEX,2014-09-01,50,,171.5655
INCTL_INDEX,2014-09-01,400,,174.204
INCTL_INDEX,2014-09-01,800,,175.2189
INCTL_INDEX,2014-09-01,2400,,176.0272
INCTL_INDEX,2014-09-01,6000,,176.25
INCTL_INDEX,2014-10-01,50,,172.5895
INCTL_INDEX,2014-10-01,400,,175.4911
INCTL_INDEX,2014-10-01,800,,176.5842
INCTL_INDEX,2014-10-01,2400,,177.5365
INCTL_INDEX,2014-10-01,6000,,177.8408
INCTL_INDEX,2014-11-01,50,,173.9281
INCTL_INDEX,2014-11-01,400,,177.7384
INCTL_INDEX,2014-11-01,800,,179.169
INCTL_INDEX,2014-11-01,2400,,180.5317
INCTL_INDEX,2014-11-01,6000,,181.0273
INCTL_INDEX,2014-12-01,50,,175.1059
INCTL_INDEX,2014-12-01,400,,178.7348
INCTL_INDEX,2014-12-01,800,,180.1177
INCTL_INDEX,2014-12-01,2400,,181.3689
INCTL_INDEX,2014-12-01,6000,,181.7965
INCTL_INDEX,2015-01-01,50,,175.4743
INCTL_INDEX,2015-01-01,400,,179.1112
INCTL_INDEX,2015-01-01,800,,180.4995
INCTL_INDEX,2015-01-01,2400,,181.7504
INCTL_INDEX,2015-01-01,6000,,182.1757
INCTL_INDEX,2015-02-01,50,,176.8881
INCTL_INDEX,2015-02-01,400,,182.4199
INCTL_INDEX,2015-02-01,800,,184.4994
INCTL_INDEX,2015-02-01,2400,,186.626
INCTL_INDEX,2015-02-01,6000,,187.4702
INCTL_INDEX,2015-03-01,50,,177.5886
INCTL_INDEX,2015-03-01,400,,183.0344
INCTL_INDEX,2015-03-01,800,,185.0822
INCTL_INDEX,2015-03-01,2400,,187.1678
INCTL_INDEX,2015-03-01,6000,,187.992
INCTL_INDEX,2015-04-01,50,,178.175
INCTL_INDEX,2015-04-01,400,,183.2583
INCTL_INDEX,2015-04-01,800,,185.1953
INCTL_INDEX,2015-04-01,2400,,187.0827
INCTL_INDEX,2015-04-01,6000,,187.7956
INCTL_INDEX,2015-05-01,50,,182.3821
INCTL_INDEX,2015-05-01,400,,186.7205
INCTL_INDEX,2015-05-01,800,,188.3473
INCTL_INDEX,2015-05-01,2400,,189.9331
INCTL_INDEX,2015-05-01,6000,,190.5268
INCTL_INDEX,2015-06-01,50,,182.9049
INCTL_INDEX,2015-06-01,400,,187.2471
INCTL_INDEX,2015-06-01,800,,188.8728
INCTL_INDEX,2015-06-01,2400,,190.4628
INCTL_INDEX,2015-06-01,6000,,191.0601
INCTL_INDEX,2015-07-01,50,,184.5264
INCTL_INDEX,2015-07-01,400,,188.2136
INCTL_INDEX,2015-07-01,800,,189.5829
INCTL_INDEX,2015-07-01,2400,,190.8896
INCTL_INDEX,2015-07-01,6000,,191.363
INCTL_INDEX,2015-08-01,50,,185.113
INCTL_INDEX,2015-08-01,400,,188.6845
INCTL_INDEX,2015-08-01,800,,190.0186
INCTL_INDEX,2015-08-01,2400,,191.261
INCTL_INDEX,2015-08-01,6000,,191.6978
INCTL_INDEX,2015-09-01,50,,185.4215
INCTL_INDEX,2015-09-01,400,,188.9587
INCTL_INDEX,2015-09-01,800,,190.2875
INCTL_INDEX,2015-09-01,2400,,191.5035
INCTL_INDEX,2015-09-01,6000,,191.9221
INCTL_INDEX,2015-10-01,50,,186.9063
INCTL_INDEX,2015-10-01,400,,191.0449
INCTL_INDEX,2015-10-01,800,,192.6316
INCTL_INDEX,2015-10-01,2400,,194.0713
INCTL_INDEX,2015-10-01,6000,,194.5674
INCTL_INDEX,2015-11-01,50,,188.8198
INCTL_INDEX,2015-11-01,400,,192.8817
INCTL_INDEX,2015-11-01,800,,194.4786
INCTL_INDEX,2015-11-01,2400,,195.8273
INCTL_INDEX,2015-11-01,6000,,196.25
INCTL_INDEX,2015-12-01,50,,190.9149
INCTL_INDEX,2015-12-01,400,,194.7954
INCTL_INDEX,2015-12-01,800,,196.3488
INCTL_INDEX,2015-12-01,2400,,197.5785
INCTL_INDEX,2015-12-01,6000,,197.9257
INCTL_INDEX,2016-01-01,50,,191.0045
INCTL_INDEX,2016-01-01,400,,194.9409
INCTL_INDEX,2016-01-01,800,,196.5235
INCTL_INDEX,2016-01-01,2400,,197.7671
INCTL_INDEX,2016-01-01,6000,,198.1143
